name,position,overall_rank,wins_rank,saves_rank,save_percentage_rank,goals_against_average_rank
Logan Thompson,G,1.0,4.0,3.0,10.0,13.0
Andrei Vasilevskiy,G,2.0,1.0,10.0,11.0,9.0
Scott Wedgewood,G,3.0,4.0,26.0,7.0,5.0
Igor Shesterkin,G,4.0,10.0,13.0,10.0,15.0
Jeremy Swayman,G,5.0,4.0,5.0,14.0,27.0
Daniel Vladař,G,5.0,6.0,18.0,15.0,11.0
Jet Greaves,G,5.0,9.0,7.0,13.0,21.0
Ilya Sorokin,G,6.0,6.0,8.0,15.0,25.0
Jake Oettinger,G,7.0,3.0,15.0,20.0,20.0
Karel Vejmelka,G,7.0,2.0,2.0,23.0,31.0
Filip Gustavsson,G,8.0,7.0,14.0,17.0,26.0
Joel Hofer,G,8.0,11.0,19.0,12.0,22.0
John Gibson,G,9.0,6.0,12.0,19.0,28.0
Spencer Knight,G,10.0,16.0,4.0,18.0,35.0
Ukko-Pekka Luukkonen,G,11.0,13.0,35.0,12.0,17.0
Jesper Wallstedt,G,11.0,17.0,29.0,9.0,22.0
Mackenzie Blackwood,G,12.0,12.0,36.0,16.0,16.0
Dustin Wolf,G,12.0,12.0,6.0,20.0,42.0
Brandon Bussi,G,13.0,4.0,38.0,25.0,14.0
Connor Hellebuyck,G,13.0,12.0,9.0,24.0,36.0
Jakub Dobes,G,14.0,6.0,24.0,19.0,34.0
Anton Forsberg,G,15.0,19.0,34.0,12.0,19.0
Juuse Saros,G,16.0,7.0,1.0,25.0,52.0
Linus Ullmark,G,17.0,7.0,25.0,27.0,29.0
Casey DeSmith,G,18.0,20.0,47.0,14.0,12.0
Lukáš Dostál,G,18.0,5.0,11.0,29.0,48.0
Jake Allen,G,19.0,18.0,30.0,17.0,30.0
Alex Lyon,G,19.0,15.0,32.0,15.0,33.0
Philipp Grubauer,G,20.0,22.0,39.0,12.0,24.0
Joey Daccord,G,21.0,15.0,17.0,23.0,43.0
Darcy Kuemper,G,22.0,16.0,22.0,27.0,34.0
Stuart Skinner,G,23.0,12.0,21.0,29.0,39.0
Devin Cooley,G,24.0,25.0,40.0,12.0,26.0
Alex Nedeljkovic,G,25.0,17.0,28.0,23.0,37.0
Connor Ingram,G,26.0,19.0,48.0,20.0,21.0
Akira Schmid,G,27.0,19.0,45.0,26.0,20.0
Sergei Bobrovsky,G,28.0,8.0,23.0,38.0,46.0
Justus Annunen,G,29.0,25.0,51.0,15.0,25.0
Dylan Garand,G,30.0,32.0,79.0,3.0,3.0
Jacob Fowler,G,30.0,26.0,66.0,13.0,12.0
Jacob Markström,G,31.0,12.0,27.0,33.0,46.0
Clay Stevenson,G,32.0,31.0,78.0,7.0,4.0
Trent Miner,G,32.0,33.0,76.0,5.0,6.0
Arturs Silovs,G,33.0,16.0,31.0,30.0,46.0
Joseph Woll,G,33.0,20.0,23.0,21.0,59.0
Matt Murray,G,34.0,34.0,77.0,6.0,8.0
Arsenii Sergeev,G,35.0,33.0,89.0,2.0,2.0
Daniil Tarasov,G,36.0,22.0,37.0,24.0,45.0
Drew Commesso,G,37.0,32.0,81.0,8.0,9.0
Michael DiPietro,G,37.0,34.0,94.0,1.0,1.0
Yaroslav Askarov,G,37.0,14.0,16.0,33.0,67.0
David Rittich,G,37.0,21.0,52.0,25.0,32.0
Pyotr Kochetkov,G,38.0,29.0,72.0,20.0,10.0
Victor Ostman,G,39.0,34.0,87.0,4.0,7.0
Dennis Hildeby,G,40.0,30.0,61.0,10.0,36.0
Joonas Korpisalo,G,41.0,21.0,41.0,25.0,51.0
James Reimer,G,42.0,28.0,70.0,31.0,11.0
Carter Hart,G,43.0,24.0,68.0,27.0,27.0
Frederik Andersen,G,43.0,19.0,42.0,40.0,45.0
Colten Ellis,G,44.0,27.0,65.0,17.0,38.0
Sergei Murashov,G,45.0,33.0,75.0,22.0,18.0
Nico Daws,G,45.0,32.0,80.0,13.0,23.0
Tristan Jarry,G,46.0,17.0,43.0,34.0,57.0
Thatcher Demko,G,47.0,27.0,63.0,24.0,38.0
Kevin Lankinen,G,47.0,24.0,20.0,39.0,69.0
Jordan Binnington,G,48.0,22.0,33.0,41.0,58.0
Cam Talbot,G,49.0,23.0,46.0,33.0,53.0
Eric Comrie,G,50.0,23.0,56.0,28.0,50.0
Jonathan Quick,G,50.0,29.0,54.0,27.0,47.0
Anthony Stolarz,G,51.0,25.0,53.0,26.0,55.0
Elvis Merzļikins,G,51.0,21.0,44.0,33.0,61.0
Samuel Ersson,G,52.0,21.0,50.0,43.0,49.0
Jonas Johansson,G,53.0,24.0,55.0,32.0,56.0
Vítek Vaněček,G,53.0,30.0,64.0,33.0,40.0
Adin Hill,G,54.0,25.0,60.0,43.0,44.0
Ville Husso,G,55.0,25.0,62.0,32.0,54.0
Arvid Söderblom,G,56.0,27.0,49.0,36.0,70.0
Sam Montembeault,G,57.0,25.0,57.0,41.0,62.0
Charlie Lindgren,G,58.0,26.0,58.0,37.0,65.0
Niklas Kokko,G,59.0,33.0,82.0,28.0,44.0
Carl Lindbom,G,59.0,32.0,73.0,41.0,41.0
Nikita Tolopilo,G,60.0,29.0,59.0,35.0,66.0
Pheonix Copley,G,61.0,34.0,90.0,26.0,46.0
Leevi Merilainen,G,62.0,27.0,67.0,46.0,64.0
Calvin Pickard,G,63.0,30.0,69.0,42.0,68.0
Petr Mrázek,G,64.0,31.0,71.0,47.0,72.0
Thomas Milic,G,65.0,34.0,85.0,42.0,63.0
Spencer Martin,G,66.0,33.0,74.0,45.0,73.0
Hunter Shepard,G,67.0,34.0,92.0,49.0,60.0
Artur Akhtyamov,G,68.0,34.0,83.0,44.0,77.0
Cayden Primeau,G,69.0,32.0,84.0,48.0,75.0
Aleksei Kolosov,G,70.0,34.0,86.0,50.0,71.0
Mads Søgaard,G,71.0,33.0,88.0,49.0,76.0
Brandon Halverson,G,72.0,34.0,91.0,52.0,74.0
Jiří Patera,G,72.0,34.0,87.0,51.0,79.0
Laurent Brossoit,G,73.0,34.0,91.0,54.0,78.0
Vyacheslav Buteyets,G,74.0,34.0,92.0,53.0,81.0
Marcus Högberg,G,75.0,34.0,93.0,55.0,80.0
