name,position,overall_rank,goals_rank,assists_rank,power_play_points_rank,hits_rank,blocked_shots_rank,face_off_wins_rank,shots_rank
Vincent Trocheck,C,1.0,19.0,32.0,13.0,19.0,83.0,3.0,23.0
J.T. Miller,C,2.0,23.0,18.0,13.0,45.0,111.0,25.0,13.0
Brayden Schenn,C,3.0,27.0,33.0,16.0,29.0,106.0,28.0,25.0
Dylan Cozens,C,4.0,29.0,34.0,13.0,23.0,116.0,36.0,23.0
Elias Lindholm,C,5.0,28.0,35.0,16.0,89.0,82.0,9.0,18.0
Nick Suzuki,C,6.0,15.0,9.0,14.0,139.0,91.0,17.0,7.0
John Tavares,C,7.0,8.0,29.0,6.0,110.0,116.0,7.0,22.0
Auston Matthews,C,8.0,12.0,20.0,8.0,157.0,74.0,15.0,15.0
Sidney Crosby,C,8.0,12.0,10.0,6.0,135.0,122.0,1.0,15.0
Nathan MacKinnon,C,9.0,13.0,1.0,9.0,164.0,103.0,10.0,3.0
Mark Scheifele,C,10.0,7.0,18.0,7.0,129.0,101.0,26.0,16.0
Jean-Gabriel Pageau,C,11.0,31.0,37.0,16.0,64.0,104.0,35.0,27.0
Nic Dowd,C,12.0,31.0,52.0,18.0,75.0,79.0,32.0,30.0
Adam Lowry,LW,13.0,29.0,47.0,18.0,64.0,101.0,30.0,30.0
Jordan Staal,C,13.0,32.0,42.0,18.0,66.0,118.0,13.0,30.0
Aleksander Barkov,C,14.0,25.0,16.0,9.0,115.0,107.0,37.0,11.0
Nico Hischier,C,15.0,11.0,31.0,4.0,158.0,101.0,2.0,15.0
Bo Horvat,C,16.0,17.0,36.0,15.0,102.0,121.0,6.0,26.0
Tomáš Hertl,C,17.0,13.0,36.0,4.0,103.0,105.0,45.0,21.0
Sam Bennett,C,18.0,20.0,39.0,11.0,62.0,116.0,60.0,26.0
Jake Evans,C,19.0,32.0,42.0,18.0,79.0,101.0,33.0,30.0
Anže Kopitar,C,20.0,24.0,19.0,14.0,171.0,94.0,4.0,12.0
Noel Acciari,C,21.0,40.0,58.0,18.0,35.0,64.0,95.0,30.0
Phillip Danault,C,22.0,37.0,30.0,17.0,119.0,88.0,23.0,30.0
Dylan Strome,C,23.0,16.0,14.0,9.0,179.0,107.0,16.0,6.0
Anton Lundell,C,24.0,28.0,37.0,16.0,92.0,107.0,44.0,26.0
Dylan Larkin,C,25.0,15.0,25.0,5.0,158.0,128.0,5.0,16.0
Pierre-Luc Dubois,LW,25.0,25.0,19.0,14.0,137.0,99.0,38.0,20.0
Casey Cizikas,C,25.0,38.0,55.0,18.0,25.0,95.0,92.0,29.0
Michael McCarron,RW,26.0,40.0,56.0,18.0,58.0,100.0,51.0,30.0
Sebastian Aho,F,27.0,16.0,20.0,13.0,143.0,131.0,20.0,12.0
Nick Foligno,LW,28.0,30.0,45.0,16.0,26.0,127.0,90.0,28.0
Jack Eichel,C,29.0,17.0,5.0,13.0,180.0,106.0,39.0,3.0
Leon Draisaitl,C,29.0,1.0,13.0,2.0,179.0,134.0,21.0,13.0
Adam Fantilli,C,29.0,14.0,42.0,16.0,90.0,105.0,68.0,28.0
Dylan Cozens,C,30.0,34.0,45.0,16.0,59.0,124.0,59.0,28.0
Joshua Norris,C,30.0,24.0,51.0,12.0,69.0,114.0,70.0,25.0
Nazem Kadri,C,31.0,11.0,33.0,9.0,147.0,131.0,18.0,17.0
Elias Pettersson,C,31.0,30.0,35.0,11.0,128.0,84.0,57.0,21.0
MacKenzie Weegar,D,32.0,37.0,26.0,14.0,15.0,5.0,258.0,13.0
Brady Tkachuk,LW,33.0,16.0,39.0,4.0,14.0,128.0,147.0,21.0
Ryan O'Reilly,C,34.0,24.0,33.0,9.0,182.0,89.0,11.0,22.0
Jack McBain,C,35.0,32.0,51.0,17.0,5.0,111.0,127.0,28.0
Moritz Seider,D,36.0,37.0,27.0,14.0,20.0,7.0,258.0,10.0
Robert Thomas,C,37.0,24.0,8.0,15.0,189.0,113.0,12.0,14.0
Parker Kelly,F,38.0,37.0,54.0,18.0,49.0,89.0,99.0,30.0
Sam Reinhart,C,39.0,7.0,23.0,5.0,99.0,99.0,131.0,13.0
Tim Stützle,LW,39.0,21.0,12.0,13.0,73.0,116.0,138.0,4.0
Chandler Stephenson,C,39.0,32.0,27.0,17.0,169.0,111.0,8.0,13.0
Joshua Norris,C,40.0,25.0,52.0,12.0,71.0,116.0,77.0,25.0
Claude Giroux,C,41.0,30.0,30.0,14.0,138.0,120.0,31.0,16.0
Anthony Cirelli,C,42.0,18.0,33.0,15.0,177.0,89.0,22.0,28.0
Morgan Frost,C,43.0,31.0,42.0,16.0,133.0,101.0,46.0,17.0
Adam Henrique,C,44.0,33.0,50.0,16.0,144.0,77.0,41.0,26.0
Wyatt Johnston,C,45.0,12.0,27.0,7.0,157.0,114.0,55.0,16.0
Marco Kasper,C,45.0,26.0,47.0,16.0,52.0,113.0,106.0,28.0
Scott Laughton,C,46.0,32.0,47.0,18.0,37.0,107.0,118.0,30.0
Charlie Coyle,C,47.0,28.0,47.0,15.0,94.0,100.0,80.0,26.0
Matty Beniers,C,47.0,25.0,42.0,13.0,160.0,84.0,40.0,26.0
Sean Couturier,C,48.0,30.0,35.0,17.0,148.0,116.0,19.0,27.0
Noah Cates,LW,48.0,29.0,44.0,17.0,115.0,107.0,52.0,28.0
Roope Hintz,LW,48.0,17.0,26.0,11.0,149.0,115.0,57.0,17.0
Mika Zibanejad,C,49.0,25.0,23.0,11.0,158.0,115.0,43.0,18.0
Macklin Celebrini,F,50.0,20.0,27.0,10.0,165.0,108.0,50.0,16.0
Teddy Blueger,C,50.0,37.0,47.0,18.0,98.0,118.0,48.0,30.0
Marco Rossi,C,51.0,21.0,29.0,11.0,140.0,120.0,56.0,21.0
Luke Kunin,C,52.0,34.0,58.0,18.0,32.0,84.0,143.0,30.0
Sean Kuraly,C,53.0,39.0,54.0,18.0,48.0,116.0,97.0,30.0
Christian Dvorak,C,53.0,33.0,44.0,17.0,158.0,87.0,34.0,29.0
Luke Glendening,C,53.0,41.0,62.0,18.0,97.0,103.0,51.0,30.0
Sam Carrick,C,54.0,39.0,51.0,18.0,67.0,119.0,79.0,30.0
Brock Nelson,C,55.0,19.0,35.0,15.0,167.0,118.0,24.0,26.0
Mikael Backlund,C,56.0,30.0,48.0,17.0,161.0,110.0,14.0,25.0
Brayden Point,C,57.0,5.0,25.0,2.0,176.0,116.0,67.0,15.0
Mikael Granlund,C,57.0,23.0,21.0,13.0,145.0,101.0,87.0,16.0
Kevin Stenlund,C,57.0,31.0,51.0,18.0,152.0,97.0,27.0,30.0
Jamie Benn,LW,57.0,29.0,32.0,17.0,89.0,116.0,102.0,21.0
Radek Faksa,C,58.0,40.0,55.0,18.0,88.0,111.0,65.0,30.0
Jason Dickinson,C,59.0,38.0,56.0,18.0,100.0,108.0,59.0,30.0
Steven Stamkos,C,59.0,18.0,39.0,4.0,136.0,115.0,74.0,23.0
Mason McTavish,C,60.0,23.0,35.0,12.0,132.0,130.0,54.0,24.0
Brett Howden,C,61.0,22.0,48.0,18.0,82.0,105.0,109.0,30.0
Shane Pinto,C,61.0,24.0,49.0,17.0,129.0,105.0,61.0,29.0
Alexander Wennberg,C,62.0,35.0,40.0,15.0,172.0,81.0,49.0,23.0
Sean Monahan,C,62.0,26.0,27.0,11.0,172.0,127.0,29.0,23.0
Radko Gudas,D,63.0,44.0,50.0,18.0,7.0,9.0,258.0,30.0
Quinton Byfield,C,63.0,22.0,34.0,15.0,122.0,128.0,69.0,26.0
Frédérick Gaudreau,C,64.0,27.0,46.0,13.0,155.0,100.0,46.0,30.0
Justin Danforth,RW,65.0,36.0,53.0,18.0,77.0,112.0,93.0,29.0
Peyton Krebs,C,66.0,35.0,47.0,17.0,68.0,129.0,94.0,30.0
Mark Kastelic,C,67.0,40.0,56.0,18.0,18.0,122.0,137.0,30.0
Colton Sissons,C,67.0,38.0,51.0,18.0,102.0,94.0,89.0,29.0
J.T. Miller,C,68.0,36.0,39.0,16.0,110.0,133.0,72.0,18.0
Vladislav Namestnikov,C,69.0,34.0,38.0,16.0,118.0,112.0,86.0,21.0
Connor McDavid,C,70.0,19.0,3.0,9.0,162.0,143.0,83.0,8.0
Barrett Hayton,C,70.0,25.0,39.0,11.0,171.0,117.0,42.0,22.0
Matt Duchene,C,71.0,15.0,15.0,10.0,173.0,140.0,64.0,11.0
Ridly Greig,C,71.0,32.0,44.0,15.0,66.0,114.0,133.0,24.0
Luke Kunin,C,72.0,34.0,58.0,18.0,48.0,97.0,146.0,30.0
Logan Cooley,C,73.0,20.0,25.0,11.0,139.0,129.0,91.0,17.0
Tom Wilson,RW,73.0,12.0,33.0,7.0,13.0,90.0,253.0,24.0
Shane Wright,C,73.0,26.0,40.0,11.0,148.0,99.0,84.0,24.0
Ryan Strome,C,74.0,35.0,34.0,18.0,150.0,125.0,47.0,24.0
Tage Thompson,C,75.0,3.0,37.0,11.0,132.0,130.0,100.0,21.0
Nathan Walker,C,76.0,37.0,57.0,18.0,6.0,100.0,187.0,30.0
Joel Eriksson Ek,C,77.0,31.0,50.0,13.0,120.0,125.0,73.0,25.0
Erik Haula,LW,77.0,34.0,55.0,16.0,101.0,126.0,78.0,27.0
Ryan McLeod,C,78.0,25.0,32.0,18.0,185.0,126.0,24.0,28.0
Dylan Holloway,C,79.0,19.0,28.0,12.0,46.0,111.0,201.0,23.0
Ty Dellandrea,C,80.0,44.0,58.0,18.0,48.0,114.0,132.0,30.0
J.T. Compher,LW,81.0,34.0,44.0,13.0,173.0,97.0,58.0,26.0
Pius Suter,F,82.0,20.0,44.0,16.0,143.0,118.0,81.0,27.0
Ryan Donato,C,82.0,14.0,34.0,13.0,98.0,143.0,126.0,21.0
Nicolas Roy,C,82.0,30.0,49.0,16.0,130.0,114.0,82.0,28.0
Jacob Trouba,D,83.0,44.0,52.0,18.0,47.0,2.0,258.0,30.0
Alex Tuch,RW,84.0,10.0,34.0,15.0,129.0,51.0,191.0,22.0
Isac Lundeström,C,84.0,41.0,54.0,18.0,154.0,93.0,63.0,29.0
Nick Paul,LW,85.0,23.0,46.0,16.0,136.0,130.0,75.0,27.0
Pavel Zacha,C,85.0,31.0,32.0,16.0,139.0,135.0,75.0,25.0
Mathieu Olivier,F,85.0,27.0,51.0,18.0,2.0,81.0,244.0,30.0
Yanni Gourde,C,86.0,38.0,41.0,18.0,93.0,125.0,111.0,29.0
Joe Veleno,C,87.0,37.0,56.0,18.0,65.0,117.0,136.0,30.0
John Beecher,C,88.0,42.0,57.0,18.0,117.0,90.0,106.0,30.0
Connor Bedard,C,88.0,22.0,21.0,7.0,155.0,124.0,119.0,12.0
Ryan Poehling,C,89.0,33.0,46.0,16.0,176.0,82.0,79.0,29.0
Darnell Nurse,D,90.0,40.0,37.0,18.0,49.0,32.0,258.0,28.0
Martin Pospisil,C,90.0,41.0,44.0,17.0,3.0,135.0,195.0,27.0
Brock Nelson,C,91.0,25.0,42.0,17.0,176.0,125.0,53.0,27.0
Charlie Coyle,C,92.0,30.0,58.0,15.0,109.0,112.0,112.0,30.0
Morgan Geekie,C,93.0,12.0,41.0,14.0,92.0,132.0,151.0,25.0
Casey Mittelstadt,C,93.0,30.0,40.0,15.0,172.0,128.0,62.0,20.0
Nikita Zadorov,D,94.0,41.0,47.0,18.0,17.0,57.0,258.0,30.0
Blake Coleman,C,95.0,30.0,41.0,14.0,39.0,95.0,221.0,29.0
Alexander Romanov,D,96.0,41.0,49.0,18.0,60.0,14.0,258.0,30.0
Connor Clifton,D,97.0,44.0,50.0,18.0,22.0,49.0,258.0,30.0
William Cuylle,LW,97.0,25.0,40.0,16.0,3.0,111.0,247.0,29.0
Fabian Zetterlund,W,98.0,26.0,43.0,13.0,54.0,80.0,228.0,28.0
Jack Drury,C,98.0,37.0,55.0,17.0,157.0,111.0,66.0,29.0
Luke Schenn,D,99.0,44.0,59.0,18.0,4.0,60.0,258.0,30.0
Scott Laughton,C,100.0,34.0,49.0,18.0,74.0,128.0,142.0,30.0
Filip Forsberg,C,100.0,14.0,20.0,8.0,56.0,109.0,254.0,14.0
Cole Sillinger,C,101.0,34.0,43.0,16.0,128.0,125.0,101.0,29.0
Nick Seeler,D,102.0,42.0,48.0,18.0,78.0,3.0,258.0,30.0
Jesperi Kotkaniemi,C,103.0,33.0,44.0,18.0,136.0,133.0,85.0,29.0
Juraj Slafkovsky,LW,103.0,27.0,32.0,13.0,29.0,99.0,253.0,25.0
Oskar Sundqvist,C,103.0,39.0,51.0,14.0,124.0,108.0,115.0,27.0
Mikko Rantanen,RW,103.0,13.0,11.0,7.0,154.0,117.0,161.0,15.0
Evgeni Malkin,C,103.0,29.0,31.0,14.0,170.0,113.0,103.0,18.0
Martin Fehérváry,D,103.0,40.0,45.0,18.0,65.0,22.0,258.0,30.0
Ryan Hartman,RW,104.0,34.0,50.0,15.0,129.0,120.0,105.0,26.0
Barclay Goodrow,RW,104.0,40.0,62.0,18.0,57.0,101.0,171.0,30.0
Eeli Tolvanen,RW,104.0,22.0,53.0,16.0,12.0,96.0,253.0,27.0
Rickard Rakell,RW,105.0,11.0,30.0,9.0,87.0,84.0,239.0,20.0
Brayden McNabb,D,106.0,40.0,50.0,18.0,72.0,13.0,258.0,30.0
Michael Rasmussen,C,106.0,34.0,55.0,16.0,63.0,102.0,183.0,28.0
Braden Schneider,D,106.0,39.0,50.0,18.0,61.0,25.0,258.0,30.0
Cale Makar,D,106.0,15.0,7.0,6.0,151.0,37.0,258.0,7.0
Mikael Granlund,C,106.0,30.0,35.0,13.0,165.0,124.0,94.0,20.0
Kyle MacLean,F,106.0,41.0,58.0,18.0,94.0,132.0,108.0,30.0
Lars Eller,C,107.0,35.0,53.0,18.0,145.0,126.0,76.0,29.0
Kiefer Sherwood,RW,107.0,26.0,44.0,18.0,1.0,131.0,234.0,28.0
Alexander Kerfoot,C,107.0,34.0,48.0,18.0,143.0,94.0,116.0,29.0
Jake Guentzel,C,108.0,6.0,26.0,1.0,174.0,109.0,148.0,19.0
Simon Benoit,D,108.0,44.0,56.0,18.0,24.0,53.0,258.0,30.0
Nico Sturm,C,109.0,38.0,58.0,18.0,95.0,127.0,120.0,30.0
Frank Vatrano,LW,109.0,24.0,41.0,15.0,44.0,92.0,242.0,28.0
Brenden Dillon,D,110.0,43.0,51.0,18.0,31.0,56.0,258.0,30.0
Ryan Nugent-Hopkins,C,111.0,25.0,36.0,11.0,176.0,113.0,110.0,17.0
Brandon Tanev,LW,112.0,35.0,53.0,18.0,45.0,59.0,251.0,30.0
Alex Newhook,C,113.0,30.0,54.0,17.0,113.0,129.0,122.0,27.0
Eetu Luostarinen,C,114.0,36.0,50.0,18.0,33.0,101.0,226.0,29.0
Paul Cotter,C,114.0,29.0,59.0,18.0,10.0,129.0,218.0,30.0
Drake Batherson,C,115.0,19.0,23.0,5.0,58.0,131.0,246.0,12.0
Jesper Boqvist,C,116.0,33.0,54.0,18.0,31.0,134.0,195.0,30.0
Rasmus Dahlin,D,117.0,28.0,16.0,13.0,101.0,66.0,258.0,14.0
Garnet Hathaway,RW,117.0,35.0,54.0,18.0,8.0,100.0,251.0,30.0
Mario Ferraro,D,117.0,40.0,53.0,18.0,57.0,40.0,258.0,30.0
Ian Cole,D,117.0,44.0,49.0,18.0,96.0,1.0,258.0,30.0
Evan Rodrigues,C,117.0,30.0,48.0,14.0,75.0,138.0,164.0,27.0
Matthew Knies,LW,118.0,16.0,36.0,13.0,34.0,120.0,258.0,20.0
Connor Murphy,D,119.0,43.0,48.0,18.0,86.0,16.0,258.0,30.0
Jake Neighbours,LW,120.0,23.0,41.0,12.0,42.0,105.0,253.0,24.0
William Karlsson,C,120.0,36.0,45.0,18.0,182.0,124.0,71.0,24.0
Timo Meier,RW,121.0,19.0,38.0,11.0,63.0,96.0,250.0,24.0
Kevin Rooney,C,121.0,40.0,60.0,18.0,93.0,122.0,138.0,30.0
Seth Jarvis,C,121.0,13.0,30.0,11.0,109.0,110.0,210.0,18.0
Marcus Foligno,LW,121.0,31.0,50.0,18.0,9.0,112.0,251.0,30.0
Nick Bjugstad,C,122.0,37.0,54.0,17.0,98.0,132.0,134.0,30.0
Trent Frederic,C,123.0,37.0,58.0,17.0,51.0,132.0,181.0,28.0
Keegan Kolesar,RW,123.0,33.0,47.0,18.0,12.0,112.0,252.0,30.0
Zemgus Girgensons,C,124.0,43.0,61.0,18.0,41.0,111.0,201.0,30.0
Ben Chiarot,D,125.0,41.0,56.0,18.0,76.0,28.0,258.0,29.0
Trent Frederic,C,125.0,37.0,58.0,17.0,53.0,132.0,181.0,28.0
Vasily Podkolzin,RW,126.0,37.0,49.0,18.0,21.0,108.0,244.0,30.0
Jansen Harkins,C,126.0,43.0,61.0,18.0,68.0,120.0,167.0,30.0
Jack Hughes,C,126.0,18.0,22.0,12.0,195.0,132.0,119.0,9.0
Leo Carlsson,C,127.0,25.0,40.0,14.0,178.0,125.0,99.0,27.0
Jake Sanderson,D,128.0,34.0,19.0,13.0,164.0,15.0,258.0,6.0
J.T. Miller,C,128.0,32.0,43.0,15.0,126.0,139.0,129.0,25.0
Matt Boldy,LW,129.0,18.0,19.0,12.0,150.0,92.0,204.0,15.0
Luke Schenn,D,129.0,44.0,61.0,18.0,14.0,85.0,258.0,30.0
Mikhail Sergachev,D,129.0,30.0,27.0,15.0,141.0,29.0,258.0,10.0
Stefan Noesen,RW,129.0,23.0,46.0,7.0,55.0,135.0,218.0,26.0
Adam Larsson,D,129.0,38.0,44.0,18.0,98.0,24.0,258.0,30.0
Jake McCabe,D,130.0,43.0,44.0,18.0,85.0,33.0,258.0,30.0
Erik Černák,D,130.0,42.0,47.0,18.0,51.0,65.0,258.0,30.0
Ryan Pulock,D,131.0,40.0,47.0,17.0,102.0,19.0,258.0,29.0
Colton Parayko,D,131.0,29.0,45.0,17.0,110.0,23.0,258.0,30.0
Travis Sanheim,D,131.0,37.0,43.0,18.0,118.0,10.0,258.0,28.0
Morgan Frost,C,132.0,34.0,51.0,17.0,167.0,122.0,98.0,24.0
Travis Konecny,RW,133.0,21.0,15.0,10.0,108.0,119.0,220.0,21.0
Jacob Trouba,D,134.0,44.0,58.0,18.0,78.0,29.0,258.0,30.0
Samuel Helenius,C,135.0,41.0,62.0,18.0,57.0,145.0,163.0,30.0
Jacob Middleton,D,135.0,37.0,52.0,18.0,103.0,18.0,258.0,30.0
Beck Malenstyn,LW,135.0,41.0,59.0,18.0,31.0,98.0,239.0,30.0
Dylan DeMelo,D,135.0,42.0,49.0,18.0,67.0,52.0,258.0,30.0
Casey Mittelstadt,C,136.0,34.0,42.0,16.0,178.0,138.0,88.0,21.0
Jared McCann,C,136.0,23.0,26.0,14.0,155.0,111.0,170.0,18.0
Neal Pionk,D,136.0,35.0,36.0,14.0,89.0,63.0,258.0,22.0
Michael Anderson,D,136.0,39.0,47.0,18.0,84.0,41.0,258.0,30.0
Alexey Toropchenko,RW,136.0,41.0,51.0,18.0,15.0,108.0,254.0,30.0
Steven Lorentz,C,137.0,37.0,54.0,18.0,27.0,106.0,246.0,30.0
Nick Schmaltz,C,137.0,25.0,22.0,9.0,188.0,116.0,144.0,14.0
Rasmus Kupari,C,138.0,40.0,62.0,18.0,125.0,130.0,114.0,30.0
Brandon Duhaime,RW,138.0,36.0,53.0,18.0,46.0,96.0,240.0,30.0
Yakov Trenin,C,139.0,38.0,57.0,18.0,11.0,129.0,237.0,30.0
Kris Letang,D,140.0,36.0,44.0,14.0,83.0,64.0,258.0,22.0
Seth Jones,D,141.0,36.0,38.0,13.0,106.0,55.0,258.0,16.0
Josh Anderson,RW,141.0,30.0,53.0,18.0,39.0,122.0,230.0,30.0
Ross Colton,C,142.0,29.0,52.0,13.0,62.0,119.0,220.0,28.0
Victor Hedman,D,142.0,30.0,16.0,14.0,163.0,34.0,258.0,8.0
Lawson Crouse,LW,142.0,33.0,59.0,17.0,30.0,115.0,239.0,30.0
Nino Niederreiter,RW,143.0,28.0,45.0,14.0,55.0,122.0,238.0,23.0
Ryker Evans,D,144.0,40.0,45.0,17.0,80.0,58.0,258.0,28.0
Jesper Bratt,W,145.0,24.0,4.0,14.0,106.0,119.0,258.0,2.0
Max Domi,LW,145.0,37.0,40.0,18.0,170.0,131.0,108.0,23.0
Simon Edvinsson,D,145.0,38.0,41.0,18.0,116.0,26.0,258.0,30.0
Cody Glass,C,145.0,39.0,49.0,17.0,149.0,123.0,121.0,29.0
Curtis Lazar,C,145.0,43.0,62.0,18.0,95.0,144.0,135.0,30.0
Tomáš Nosek,C,146.0,44.0,57.0,17.0,119.0,137.0,125.0,30.0
Alexandre Carrier,D,146.0,42.0,43.0,18.0,127.0,11.0,258.0,30.0
Mike Matheson,D,146.0,39.0,40.0,17.0,142.0,12.0,258.0,21.0
A.J. Greer,LW,147.0,39.0,54.0,18.0,16.0,131.0,242.0,30.0
William Borgen,D,147.0,40.0,55.0,18.0,81.0,48.0,258.0,30.0
Martin Nečas,C,147.0,18.0,11.0,6.0,140.0,138.0,211.0,6.0
Zach Werenski,D,147.0,22.0,9.0,13.0,183.0,35.0,258.0,10.0
Fabian Zetterlund,W,148.0,28.0,46.0,14.0,88.0,98.0,229.0,28.0
Lane Hutson,D,149.0,39.0,8.0,17.0,162.0,42.0,258.0,6.0
Brayden Pachal,D,149.0,42.0,56.0,18.0,50.0,78.0,258.0,30.0
Alex Laferriere,RW,149.0,26.0,42.0,16.0,79.0,118.0,223.0,28.0
Thomas Chabot,D,149.0,36.0,29.0,17.0,144.0,25.0,258.0,23.0
Matt Roy,D,149.0,42.0,44.0,18.0,89.0,51.0,258.0,30.0
Morgan Barron,C,150.0,37.0,58.0,18.0,81.0,123.0,186.0,30.0
Jackson LaCombe,D,150.0,31.0,36.0,16.0,133.0,36.0,258.0,23.0
Brandon Carlo,D,151.0,44.0,54.0,18.0,112.0,18.0,258.0,30.0
Alex Vlasic,D,152.0,41.0,39.0,17.0,143.0,18.0,258.0,19.0
Marcus Pettersson,D,152.0,41.0,40.0,18.0,122.0,26.0,258.0,30.0
Andrew Peeke,D,152.0,44.0,49.0,18.0,97.0,39.0,258.0,30.0
Kirby Dach,C,152.0,35.0,53.0,17.0,102.0,125.0,179.0,24.0
Rasmus Sandin,D,152.0,41.0,39.0,17.0,111.0,43.0,258.0,26.0
Zach Aston-Reese,C,153.0,39.0,54.0,18.0,36.0,103.0,256.0,30.0
Niko Mikkola,D,153.0,39.0,49.0,18.0,67.0,75.0,258.0,30.0
K'Andre Miller,D,153.0,38.0,45.0,18.0,95.0,54.0,258.0,28.0
Kaiden Guhle,D,154.0,39.0,53.0,18.0,98.0,41.0,258.0,30.0
Kevin Bahl,D,154.0,42.0,48.0,17.0,93.0,49.0,258.0,30.0
Cody Ceci,D,154.0,41.0,45.0,18.0,126.0,19.0,258.0,30.0
Josh Morrissey,D,154.0,31.0,18.0,15.0,153.0,51.0,258.0,11.0
Jake Walman,D,155.0,38.0,32.0,18.0,145.0,25.0,258.0,22.0
Jiri Kulich,C,155.0,30.0,56.0,18.0,162.0,125.0,117.0,30.0
Dakota Joshua,C,156.0,38.0,58.0,17.0,30.0,132.0,235.0,29.0
David Kämpf,C,156.0,40.0,57.0,18.0,152.0,135.0,107.0,30.0
John Carlson,D,156.0,40.0,19.0,17.0,153.0,35.0,258.0,17.0
Sam Steel,C,157.0,39.0,46.0,18.0,142.0,135.0,130.0,30.0
Tanner Jeannot,F,157.0,38.0,59.0,18.0,21.0,124.0,250.0,30.0
Adrian Kempe,LW,158.0,11.0,27.0,11.0,102.0,125.0,247.0,19.0
Lars Eller,C,159.0,39.0,56.0,18.0,162.0,135.0,104.0,29.0
Arber Xhekaj,D,159.0,44.0,60.0,18.0,35.0,98.0,258.0,30.0
Jamie Oleksiak,D,160.0,41.0,52.0,18.0,128.0,17.0,258.0,30.0
Mikko Rantanen,RW,160.0,20.0,26.0,10.0,174.0,129.0,166.0,19.0
Brandon Tanev,LW,161.0,36.0,57.0,18.0,81.0,72.0,251.0,30.0
Zack Ostapchuk,C,161.0,44.0,62.0,18.0,92.0,140.0,159.0,30.0
Adam Gaudette,C,161.0,26.0,58.0,15.0,134.0,133.0,149.0,30.0
Owen Tippett,RW,161.0,25.0,42.0,18.0,88.0,98.0,251.0,23.0
Anders Lee,LW,161.0,16.0,40.0,13.0,82.0,122.0,246.0,26.0
Brandon Montour,D,162.0,27.0,42.0,13.0,118.0,64.0,258.0,24.0
Tyler Myers,D,162.0,39.0,47.0,18.0,115.0,40.0,258.0,29.0
Joe Veleno,C,162.0,40.0,60.0,18.0,109.0,129.0,160.0,30.0
Rasmus Andersson,D,162.0,34.0,45.0,15.0,166.0,4.0,258.0,24.0
Andrei Svechnikov,RW,163.0,25.0,37.0,8.0,59.0,139.0,257.0,22.0
Marat Khusnutdinov,C,164.0,40.0,58.0,18.0,147.0,114.0,142.0,29.0
Justin Faulk,D,164.0,41.0,37.0,17.0,120.0,56.0,258.0,19.0
Ty Emberson,D,164.0,43.0,54.0,18.0,78.0,67.0,258.0,30.0
Carson Soucy,D,165.0,41.0,56.0,18.0,88.0,58.0,258.0,30.0
Noah Dobson,D,165.0,35.0,36.0,17.0,145.0,39.0,258.0,19.0
Andrew Copp,C,165.0,35.0,52.0,18.0,193.0,126.0,96.0,29.0
Zach Whitecloud,D,166.0,41.0,56.0,18.0,86.0,61.0,258.0,30.0
Esa Lindell,D,167.0,40.0,44.0,17.0,152.0,10.0,258.0,30.0
Colin Blackwell,C,167.0,39.0,54.0,18.0,118.0,138.0,155.0,29.0
Kevin Hayes,RW,168.0,32.0,55.0,14.0,150.0,150.0,124.0,27.0
Ilya Lyubushkin,D,168.0,44.0,52.0,18.0,118.0,32.0,258.0,30.0
Bowen Byram,D,168.0,38.0,34.0,18.0,127.0,49.0,258.0,28.0
Evan Bouchard,D,168.0,31.0,14.0,15.0,171.0,56.0,258.0,7.0
Dante Fabbro,D,168.0,36.0,48.0,18.0,135.0,27.0,258.0,30.0
Maxim Tsyplakov,F,169.0,35.0,40.0,17.0,64.0,121.0,248.0,28.0
Joel Edmundson,D,169.0,39.0,51.0,18.0,102.0,56.0,258.0,29.0
Ryan Lindgren,D,169.0,41.0,47.0,18.0,122.0,37.0,258.0,30.0
Brandon Hagel,LW,170.0,11.0,12.0,18.0,143.0,101.0,250.0,19.0
Michael Amadio,C,170.0,34.0,49.0,17.0,94.0,117.0,213.0,30.0
David Savard,D,171.0,44.0,51.0,18.0,146.0,8.0,258.0,30.0
Dawson Mercer,C,171.0,26.0,48.0,12.0,161.0,101.0,179.0,28.0
Oliver Ekman-Larsson,D,171.0,41.0,40.0,16.0,94.0,78.0,258.0,28.0
Connor Dewar,C,171.0,41.0,59.0,18.0,74.0,124.0,209.0,30.0
Trevor Lewis,C,172.0,39.0,59.0,18.0,102.0,126.0,182.0,30.0
Jake DeBrusk,LW,173.0,17.0,45.0,4.0,106.0,113.0,247.0,25.0
Gabriel Vilardi,C,173.0,18.0,31.0,6.0,181.0,111.0,193.0,17.0
Adam Fox,D,173.0,35.0,16.0,17.0,162.0,56.0,258.0,13.0
Dante Fabbro,D,174.0,36.0,48.0,18.0,136.0,32.0,258.0,30.0
Mitch Marner,RW,175.0,18.0,2.0,12.0,153.0,121.0,248.0,5.0
Blake Lizotte,C,175.0,34.0,56.0,17.0,142.0,132.0,148.0,30.0
William Nylander,C,176.0,2.0,26.0,6.0,188.0,134.0,192.0,12.0
Yanni Gourde,C,176.0,39.0,54.0,18.0,143.0,135.0,141.0,30.0
Pontus Holmberg,RW,176.0,38.0,53.0,18.0,156.0,108.0,158.0,29.0
Pavel Buchnevich,LW,177.0,25.0,28.0,16.0,158.0,129.0,186.0,20.0
Aatu Räty,C,177.0,38.0,61.0,18.0,122.0,154.0,140.0,29.0
Ondřej Palát,LW,177.0,30.0,52.0,16.0,79.0,103.0,254.0,28.0
Alex Ovechkin,LW,178.0,3.0,36.0,4.0,92.0,148.0,258.0,22.0
Mavrik Bourque,C,178.0,34.0,51.0,17.0,156.0,124.0,153.0,28.0
Nico Sturm,C,178.0,38.0,59.0,18.0,132.0,136.0,150.0,30.0
Zachary L'Heureux,LW,179.0,40.0,55.0,18.0,28.0,136.0,258.0,29.0
Johnathan Kovacevic,D,179.0,44.0,49.0,18.0,100.0,65.0,258.0,30.0
Dougie Hamilton,D,180.0,36.0,34.0,13.0,128.0,77.0,258.0,20.0
Vladislav Gavrikov,D,181.0,40.0,40.0,18.0,152.0,29.0,258.0,30.0
Dmitri Voronkov,LW,181.0,22.0,41.0,10.0,131.0,114.0,222.0,27.0
Jonathan Huberdeau,LW,181.0,17.0,31.0,8.0,152.0,97.0,245.0,17.0
Drew O'Connor,F,182.0,35.0,50.0,17.0,119.0,104.0,214.0,29.0
Mattias Samuelsson,D,182.0,41.0,55.0,18.0,97.0,70.0,258.0,29.0
Rasmus Ristolainen,D,182.0,41.0,50.0,18.0,105.0,69.0,258.0,27.0
Jason Robertson,LW,183.0,11.0,20.0,9.0,142.0,116.0,251.0,20.0
Anthony Beauvillier,LW,183.0,30.0,55.0,18.0,65.0,125.0,247.0,29.0
Tyler Kleven,D,183.0,41.0,59.0,18.0,97.0,67.0,258.0,29.0
Jared Spurgeon,D,184.0,38.0,40.0,17.0,149.0,46.0,258.0,22.0
Emil Heineman,LW,185.0,35.0,57.0,15.0,42.0,137.0,257.0,28.0
David Pastrňák,RW,185.0,4.0,6.0,9.0,144.0,137.0,255.0,16.0
Carter Verhaeghe,C,185.0,25.0,32.0,13.0,107.0,133.0,242.0,19.0
Bryan Rust,RW,185.0,14.0,31.0,13.0,140.0,107.0,249.0,17.0
Juuso Pärssinen,C,185.0,39.0,55.0,18.0,116.0,132.0,182.0,29.0
Filip Chytil,C,185.0,32.0,52.0,17.0,183.0,148.0,113.0,26.0
Alexis Lafrenière,LW,186.0,28.0,37.0,16.0,84.0,134.0,245.0,28.0
Alex Pietrangelo,D,186.0,41.0,36.0,18.0,161.0,30.0,258.0,28.0
Tye Kartye,F,186.0,39.0,58.0,18.0,40.0,132.0,255.0,30.0
Mark Jankowski,C,186.0,33.0,60.0,18.0,175.0,127.0,129.0,30.0
Cole Koepke,LW,186.0,35.0,58.0,18.0,38.0,135.0,258.0,30.0
Jordan Martinook,LW,187.0,30.0,44.0,18.0,118.0,109.0,224.0,30.0
Jakob Chychrun,D,187.0,25.0,38.0,13.0,143.0,76.0,258.0,20.0
Mackie Samoskevich,RW,187.0,30.0,49.0,14.0,70.0,129.0,258.0,23.0
Thomas Harley,D,188.0,29.0,31.0,17.0,169.0,54.0,258.0,16.0
Morgan Frost,C,188.0,42.0,56.0,17.0,168.0,140.0,128.0,23.0
Filip Hronek,D,188.0,40.0,37.0,18.0,113.0,86.0,257.0,23.0
Jason Zucker,LW,188.0,24.0,33.0,7.0,134.0,139.0,217.0,20.0
Cole Smith,F,189.0,41.0,57.0,18.0,48.0,132.0,249.0,30.0
Ivan Barbashev,C,190.0,22.0,37.0,16.0,98.0,128.0,246.0,29.0
Conor Geekie,C,191.0,37.0,59.0,17.0,105.0,136.0,194.0,29.0
Mathieu Joseph,RW,191.0,41.0,55.0,18.0,82.0,125.0,226.0,30.0
Morgan Rielly,D,191.0,38.0,31.0,17.0,181.0,35.0,258.0,17.0
Cody Glass,C,191.0,41.0,54.0,17.0,159.0,130.0,147.0,29.0
Cole Perfetti,C,191.0,27.0,33.0,13.0,131.0,116.0,237.0,20.0
Brian Dumoulin,D,191.0,42.0,46.0,18.0,128.0,55.0,258.0,30.0
Gustav Forsling,D,191.0,34.0,45.0,18.0,119.0,74.0,258.0,29.0
Frank Nazar,C,192.0,33.0,51.0,17.0,172.0,126.0,152.0,27.0
Bobby McMann,F,192.0,25.0,51.0,15.0,68.0,138.0,254.0,27.0
Logan Stankoven,C,193.0,31.0,41.0,16.0,154.0,128.0,185.0,24.0
Scott Mayfield,D,193.0,42.0,59.0,18.0,113.0,59.0,258.0,30.0
Matthew Coronato,RW,194.0,21.0,42.0,13.0,166.0,124.0,196.0,18.0
Cameron York,D,194.0,41.0,52.0,18.0,142.0,39.0,258.0,30.0
Kirill Marchenko,RW,194.0,14.0,22.0,16.0,147.0,123.0,245.0,13.0
Jonathan Marchessault,C,195.0,24.0,30.0,14.0,125.0,136.0,241.0,11.0
Aaron Ekblad,D,195.0,42.0,35.0,18.0,112.0,97.0,258.0,19.0
Dmitry Kulikov,D,195.0,41.0,56.0,18.0,89.0,90.0,258.0,29.0
Joel Kiviranta,F,196.0,29.0,58.0,18.0,89.0,123.0,235.0,30.0
Charlie McAvoy,D,196.0,38.0,49.0,16.0,113.0,80.0,258.0,28.0
Zachary Bolduc,C,196.0,26.0,48.0,11.0,94.0,125.0,253.0,25.0
Matt Grzelcyk,D,197.0,44.0,26.0,18.0,159.0,63.0,258.0,15.0
Ryan McDonagh,D,197.0,41.0,38.0,18.0,179.0,20.0,258.0,29.0
Jack Roslovic,C,197.0,23.0,48.0,17.0,188.0,138.0,140.0,29.0
Noah Hanifin,D,198.0,35.0,36.0,16.0,159.0,58.0,258.0,22.0
Marat Khusnutdinov,C,198.0,43.0,60.0,18.0,165.0,123.0,145.0,30.0
Sean Walker,D,198.0,40.0,54.0,18.0,111.0,73.0,258.0,30.0
Jake Walman,D,198.0,39.0,39.0,18.0,154.0,53.0,258.0,23.0
Samuel Girard,D,198.0,42.0,44.0,18.0,140.0,53.0,258.0,29.0
Brock Boeser,RW,198.0,20.0,40.0,9.0,126.0,127.0,243.0,19.0
Kaapo Kakko,RW,199.0,31.0,35.0,14.0,134.0,133.0,212.0,26.0
Alex DeBrincat,RW,199.0,7.0,34.0,5.0,169.0,123.0,233.0,14.0
Dylan Guenther,RW,199.0,18.0,32.0,6.0,149.0,119.0,248.0,13.0
Teuvo Teräväinen,F,199.0,30.0,22.0,11.0,175.0,132.0,202.0,13.0
Nikita Kucherov,RW,199.0,9.0,1.0,10.0,179.0,128.0,257.0,1.0
Timothy Liljegren,D,200.0,39.0,54.0,16.0,138.0,53.0,258.0,28.0
Pavel Mintyukov,D,200.0,40.0,51.0,18.0,121.0,71.0,258.0,27.0
Dylan Samberg,D,200.0,39.0,51.0,18.0,146.0,45.0,258.0,29.0
Emil Martinsen Lilleberg,D,200.0,44.0,47.0,18.0,89.0,100.0,258.0,30.0
Chris Tanev,D,200.0,42.0,50.0,18.0,182.0,6.0,258.0,30.0
Timothy Liljegren,D,201.0,39.0,54.0,16.0,138.0,55.0,258.0,28.0
Joel Farabee,LW,201.0,34.0,51.0,18.0,108.0,111.0,240.0,26.0
Bobby Brink,RW,202.0,33.0,36.0,16.0,104.0,131.0,241.0,28.0
Cutter Gauthier,LW,202.0,25.0,41.0,16.0,134.0,110.0,237.0,26.0
Jayden Struble,D,202.0,43.0,54.0,18.0,79.0,107.0,258.0,30.0
Roman Josi,D,202.0,36.0,36.0,16.0,160.0,68.0,258.0,15.0
Jordan Spence,D,202.0,41.0,41.0,18.0,122.0,84.0,258.0,25.0
Lucas Raymond,LW,202.0,18.0,14.0,10.0,160.0,127.0,257.0,3.0
Justin Brazeau,F,202.0,34.0,54.0,14.0,80.0,123.0,255.0,29.0
Dmitry Orlov,D,202.0,39.0,43.0,18.0,101.0,101.0,258.0,29.0
Erik Karlsson,D,203.0,34.0,23.0,16.0,173.0,69.0,258.0,17.0
Carl Grundström,RW,203.0,42.0,59.0,18.0,43.0,143.0,255.0,30.0
Kyle Connor,LW,203.0,6.0,11.0,9.0,181.0,115.0,257.0,11.0
Connor McMichael,C,203.0,19.0,34.0,14.0,163.0,125.0,211.0,24.0
Cole Caufield,RW,203.0,9.0,32.0,8.0,136.0,130.0,252.0,23.0
Brandon Carlo,D,204.0,44.0,57.0,18.0,138.0,46.0,258.0,30.0
Seth Jones,D,205.0,38.0,45.0,13.0,140.0,78.0,258.0,20.0
Devon Toews,D,205.0,35.0,31.0,17.0,162.0,61.0,258.0,28.0
Yegor Sharangovich,C,205.0,28.0,50.0,13.0,188.0,130.0,156.0,27.0
Ivan Provorov,D,205.0,38.0,39.0,17.0,174.0,38.0,258.0,28.0
Brady Skjei,D,206.0,35.0,42.0,16.0,150.0,70.0,258.0,22.0
Artem Zub,D,206.0,43.0,54.0,18.0,144.0,47.0,258.0,29.0
Jack Drury,C,206.0,42.0,59.0,18.0,185.0,137.0,123.0,29.0
Warren Foegele,LW,206.0,21.0,43.0,17.0,128.0,121.0,234.0,29.0
Carson Soucy,D,206.0,42.0,58.0,18.0,116.0,71.0,258.0,30.0
Michael Kesselring,D,206.0,38.0,43.0,17.0,115.0,94.0,258.0,28.0
Brock Faber,D,206.0,35.0,46.0,16.0,166.0,50.0,258.0,22.0
Tyler Motte,C,207.0,41.0,60.0,18.0,130.0,113.0,202.0,30.0
William Eklund,LW,207.0,28.0,24.0,12.0,148.0,115.0,247.0,20.0
Dylan Cozens,C,207.0,40.0,54.0,15.0,145.0,153.0,162.0,25.0
Drew Helleson,D,207.0,41.0,56.0,18.0,103.0,88.0,258.0,30.0
Kevin Fiala,LW,208.0,11.0,40.0,4.0,139.0,139.0,243.0,19.0
Brad Marchand,LW,208.0,22.0,37.0,13.0,121.0,127.0,253.0,22.0
Justin Dowling,C,208.0,43.0,60.0,18.0,151.0,139.0,154.0,30.0
Jack Drury,C,209.0,40.0,61.0,17.0,174.0,135.0,139.0,30.0
Nathan Bastian,RW,210.0,41.0,59.0,17.0,66.0,134.0,250.0,30.0
Brandt Clarke,D,210.0,40.0,37.0,16.0,179.0,44.0,258.0,23.0
Quinn Hughes,D,211.0,29.0,8.0,14.0,189.0,94.0,258.0,6.0
Lian Bichsel,D,211.0,41.0,60.0,18.0,53.0,138.0,258.0,30.0
Marc Gatcomb,F,211.0,37.0,64.0,18.0,58.0,138.0,253.0,30.0
Josh Manson,D,212.0,44.0,51.0,18.0,97.0,102.0,258.0,29.0
Sam Lafferty,C,212.0,41.0,62.0,18.0,113.0,145.0,190.0,30.0
Adam Pelech,D,212.0,45.0,44.0,18.0,129.0,76.0,258.0,29.0
Tyson Foerster,RW,212.0,20.0,47.0,12.0,127.0,107.0,258.0,28.0
Shayne Gostisbehere,D,213.0,38.0,27.0,14.0,161.0,95.0,258.0,7.0
William Carrier,LW,213.0,41.0,58.0,18.0,52.0,149.0,252.0,30.0
Alexandre Carrier,D,214.0,43.0,49.0,18.0,158.0,45.0,258.0,30.0
Logan Stanley,D,214.0,44.0,52.0,18.0,114.0,85.0,258.0,30.0
Owen Power,D,214.0,38.0,32.0,17.0,176.0,55.0,258.0,25.0
Taylor Hall,LW,214.0,27.0,41.0,13.0,159.0,119.0,216.0,26.0
Mattias Janmark,C,214.0,43.0,49.0,18.0,157.0,126.0,178.0,30.0
Conor Garland,RW,214.0,26.0,34.0,11.0,153.0,103.0,253.0,21.0
Lukas Reichel,LW,214.0,37.0,51.0,18.0,178.0,132.0,157.0,28.0
Mitchell Chaffee,F,214.0,33.0,59.0,14.0,71.0,140.0,254.0,30.0
Jaccob Slavin,D,215.0,39.0,44.0,18.0,181.0,32.0,258.0,30.0
Matthew Tkachuk,LW,215.0,23.0,30.0,7.0,118.0,149.0,257.0,18.0
Sam Malinski,D,215.0,40.0,55.0,18.0,145.0,57.0,258.0,29.0
Eric Robinson,LW,215.0,31.0,47.0,18.0,80.0,145.0,251.0,30.0
Justin Barron,D,215.0,39.0,58.0,18.0,122.0,78.0,258.0,29.0
Jordan Kyrou,C,215.0,10.0,31.0,11.0,152.0,125.0,253.0,20.0
Martin Nečas,C,215.0,29.0,26.0,11.0,162.0,145.0,214.0,15.0
Jaden Schwartz,C,215.0,19.0,42.0,12.0,159.0,119.0,225.0,26.0
Zach Bogosian,D,215.0,41.0,53.0,18.0,121.0,81.0,258.0,30.0
Ryan Lindgren,D,215.0,43.0,48.0,18.0,143.0,62.0,258.0,30.0
Nate Schmidt,D,216.0,40.0,51.0,18.0,120.0,90.0,258.0,26.0
Tyler Bertuzzi,LW,216.0,22.0,42.0,8.0,142.0,133.0,236.0,20.0
Trevor Zegras,C,217.0,33.0,45.0,17.0,152.0,134.0,196.0,27.0
Mattias Ekholm,D,217.0,36.0,41.0,15.0,160.0,68.0,258.0,26.0
Brendan Gallagher,RW,217.0,24.0,48.0,13.0,110.0,123.0,258.0,28.0
Jonas Siegenthaler,D,218.0,43.0,58.0,18.0,127.0,71.0,258.0,30.0
Mason Lohrei,D,218.0,40.0,37.0,17.0,177.0,61.0,258.0,15.0
Philip Broberg,D,218.0,37.0,44.0,18.0,159.0,61.0,258.0,28.0
Tanner Pearson,LW,218.0,33.0,50.0,18.0,106.0,116.0,252.0,30.0
Clayton Keller,C,219.0,15.0,8.0,8.0,191.0,131.0,248.0,5.0
Vincent Desharnais,D,219.0,45.0,62.0,18.0,115.0,78.0,258.0,30.0
Zack Ostapchuk,C,219.0,44.0,62.0,18.0,116.0,150.0,186.0,30.0
Logan Stankoven,C,219.0,36.0,45.0,17.0,160.0,137.0,186.0,25.0
Kyle Palmieri,RW,220.0,21.0,41.0,13.0,148.0,113.0,245.0,26.0
Trevor van Riemsdyk,D,221.0,44.0,45.0,18.0,192.0,21.0,258.0,30.0
Brett Pesce,D,221.0,42.0,51.0,18.0,178.0,31.0,258.0,30.0
Fedor Svechkov,C,221.0,37.0,56.0,16.0,170.0,137.0,165.0,27.0
Travis Hamonic,D,222.0,44.0,59.0,18.0,129.0,71.0,258.0,30.0
Mark Stone,RW,222.0,26.0,18.0,13.0,170.0,119.0,253.0,10.0
Damon Severson,D,223.0,39.0,46.0,18.0,159.0,60.0,258.0,30.0
Mason Marchment,F,223.0,23.0,40.0,13.0,123.0,140.0,246.0,25.0
Nick Jensen,D,223.0,42.0,47.0,18.0,147.0,68.0,258.0,30.0
Jakub Lauko,C,223.0,40.0,59.0,18.0,84.0,122.0,257.0,30.0
Chris Kreider,LW,224.0,23.0,57.0,12.0,123.0,135.0,232.0,29.0
Tyler Toffoli,C,224.0,15.0,41.0,12.0,148.0,129.0,245.0,21.0
Nicolas Hague,D,224.0,40.0,58.0,18.0,120.0,87.0,258.0,30.0
Boone Jenner,C,224.0,38.0,53.0,16.0,159.0,143.0,173.0,29.0
Brett Kulak,D,225.0,38.0,47.0,18.0,174.0,47.0,258.0,30.0
Alex Iafallo,C,225.0,30.0,49.0,12.0,149.0,100.0,246.0,26.0
William Borgen,D,225.0,41.0,56.0,18.0,128.0,81.0,258.0,30.0
Danton Heinen,C,225.0,36.0,45.0,17.0,121.0,124.0,240.0,29.0
Pat Maroon,LW,226.0,40.0,51.0,17.0,100.0,152.0,223.0,30.0
Robby Fabbri,C,226.0,37.0,57.0,18.0,144.0,132.0,195.0,30.0
Devin Shore,C,227.0,44.0,61.0,18.0,126.0,124.0,211.0,30.0
Brian Dumoulin,D,227.0,43.0,51.0,18.0,142.0,72.0,258.0,30.0
Logan O'Connor,RW,227.0,35.0,54.0,18.0,134.0,111.0,232.0,30.0
Cody Ceci,D,228.0,41.0,54.0,18.0,150.0,64.0,258.0,30.0
Mats Zuccarello,LW,228.0,26.0,30.0,15.0,170.0,113.0,244.0,17.0
Olli Määttä,D,229.0,43.0,49.0,18.0,177.0,41.0,258.0,30.0
Shea Theodore,D,230.0,38.0,17.0,16.0,196.0,79.0,258.0,13.0
Connor Zary,C,230.0,32.0,51.0,17.0,176.0,135.0,184.0,22.0
Albert Johansson,D,230.0,42.0,59.0,18.0,132.0,78.0,258.0,30.0
Oliver Bjorkstrand,RW,231.0,24.0,40.0,13.0,128.0,135.0,255.0,23.0
Noah Juulsen,D,231.0,45.0,65.0,18.0,101.0,101.0,258.0,30.0
Nikolaj Ehlers,LW,231.0,21.0,26.0,12.0,164.0,128.0,253.0,14.0
Jeremy Lauzon,D,231.0,45.0,64.0,18.0,76.0,127.0,258.0,30.0
Ryan Suter,D,232.0,43.0,52.0,18.0,163.0,55.0,258.0,30.0
Uvis Balinskis,D,232.0,41.0,51.0,18.0,119.0,106.0,258.0,26.0
Anthony Beauvillier,LW,233.0,32.0,58.0,18.0,94.0,135.0,254.0,29.0
Vince Dunn,D,233.0,34.0,37.0,16.0,173.0,82.0,258.0,20.0
Marcus Pettersson,D,234.0,42.0,50.0,18.0,145.0,78.0,258.0,30.0
Brad Marchand,LW,234.0,24.0,39.0,13.0,136.0,134.0,253.0,22.0
Conor Timmins,D,234.0,42.0,53.0,18.0,147.0,73.0,258.0,30.0
Joel Armia,RW,235.0,34.0,47.0,18.0,115.0,126.0,255.0,27.0
Filip Chytil,C,235.0,34.0,56.0,17.0,190.0,152.0,145.0,28.0
Ross Johnston,LW,236.0,44.0,62.0,18.0,70.0,141.0,258.0,30.0
Ryan Lomberg,LW,236.0,42.0,55.0,18.0,83.0,142.0,253.0,30.0
Michael Eyssimont,C,237.0,36.0,58.0,18.0,92.0,138.0,252.0,30.0
Derek Ryan,C,237.0,44.0,60.0,18.0,177.0,140.0,155.0,30.0
Cole Schwindt,RW,237.0,44.0,58.0,18.0,161.0,144.0,169.0,30.0
Jonah Gadjovich,LW,238.0,41.0,65.0,18.0,76.0,140.0,255.0,30.0
Kasperi Kapanen,RW,238.0,39.0,57.0,18.0,114.0,147.0,220.0,30.0
Derek Forbort,D,238.0,43.0,56.0,18.0,137.0,84.0,258.0,29.0
Olli Määttä,D,239.0,43.0,49.0,18.0,180.0,48.0,258.0,30.0
Oskar Back,C,239.0,41.0,53.0,18.0,174.0,126.0,184.0,30.0
Wyatt Kaiser,D,239.0,41.0,61.0,18.0,148.0,70.0,258.0,30.0
Alex Turcotte,C,239.0,36.0,49.0,17.0,156.0,131.0,207.0,30.0
Josh Mahura,D,240.0,45.0,56.0,18.0,113.0,107.0,258.0,30.0
Darren Raddysh,D,240.0,39.0,34.0,16.0,164.0,93.0,258.0,23.0
Joel Hanley,D,240.0,43.0,58.0,18.0,147.0,73.0,258.0,30.0
Ryan Graves,D,240.0,44.0,62.0,18.0,127.0,88.0,258.0,30.0
Colin Miller,D,241.0,41.0,54.0,17.0,118.0,111.0,258.0,29.0
Matvei Michkov,RW,241.0,19.0,28.0,10.0,173.0,138.0,239.0,21.0
Brett Leason,RW,242.0,40.0,53.0,17.0,138.0,117.0,235.0,29.0
Connor Dewar,C,243.0,45.0,62.0,18.0,122.0,143.0,210.0,30.0
Adam Klapka,F,243.0,39.0,61.0,18.0,94.0,136.0,252.0,30.0
Michael Bunting,LW,243.0,26.0,46.0,7.0,132.0,142.0,253.0,24.0
Nick Blankenburg,D,243.0,41.0,53.0,17.0,149.0,87.0,258.0,25.0
Parker Wotherspoon,D,244.0,44.0,59.0,18.0,127.0,95.0,258.0,30.0
Jonas Brodin,D,244.0,41.0,49.0,18.0,175.0,60.0,258.0,30.0
Alex Killorn,C,244.0,26.0,47.0,18.0,125.0,138.0,250.0,27.0
Jalen Chatfield,D,245.0,38.0,54.0,18.0,138.0,97.0,258.0,30.0
Drew O'Connor,F,245.0,39.0,55.0,17.0,151.0,121.0,221.0,29.0
Will Smith,C,246.0,27.0,38.0,13.0,189.0,145.0,199.0,23.0
Jordan Greenway,LW,247.0,42.0,60.0,18.0,102.0,132.0,251.0,30.0
Trevor Moore,LW,247.0,27.0,43.0,17.0,131.0,132.0,257.0,28.0
Jamie Drysdale,D,247.0,38.0,52.0,16.0,184.0,62.0,258.0,25.0
Justin Brazeau,F,248.0,35.0,55.0,14.0,113.0,135.0,255.0,29.0
Mark Jankowski,C,249.0,41.0,60.0,18.0,179.0,141.0,168.0,30.0
Calvin de Haan,D,249.0,45.0,57.0,18.0,131.0,98.0,258.0,30.0
Andrew Mangiapane,LW,250.0,31.0,51.0,18.0,128.0,131.0,253.0,26.0
Zach Hyman,LW,250.0,18.0,48.0,12.0,143.0,137.0,256.0,24.0
Cam Fowler,D,250.0,36.0,34.0,16.0,194.0,76.0,258.0,24.0
Philipp Kurashev,C,250.0,38.0,58.0,17.0,172.0,145.0,178.0,30.0
Artemi Panarin,LW,250.0,9.0,15.0,10.0,184.0,150.0,258.0,12.0
Mathew Dumba,D,250.0,44.0,56.0,18.0,132.0,101.0,258.0,29.0
Yanni Gourde,C,250.0,44.0,52.0,18.0,152.0,151.0,192.0,29.0
Klim Kostin,C,251.0,44.0,59.0,18.0,91.0,144.0,254.0,29.0
Matt Rempe,C,251.0,42.0,60.0,18.0,86.0,147.0,256.0,30.0
Vladimir Tarasenko,RW,252.0,34.0,43.0,17.0,139.0,126.0,258.0,23.0
Nicholas Robertson,LW,252.0,30.0,58.0,16.0,123.0,128.0,255.0,30.0
Justin Barron,D,252.0,40.0,58.0,18.0,139.0,98.0,258.0,29.0
Reilly Smith,RW,252.0,32.0,38.0,16.0,154.0,120.0,254.0,26.0
Luke Hughes,D,252.0,38.0,28.0,18.0,183.0,101.0,258.0,14.0
Mason Appleton,C,253.0,35.0,53.0,18.0,126.0,132.0,248.0,29.0
Noah Gregor,C,253.0,41.0,62.0,18.0,108.0,128.0,254.0,30.0
Max Pacioretty,LW,253.0,40.0,57.0,18.0,97.0,147.0,252.0,30.0
Brent Burns,D,253.0,39.0,42.0,18.0,191.0,66.0,258.0,27.0
Kasperi Kapanen,RW,254.0,40.0,57.0,18.0,129.0,148.0,220.0,30.0
Jeff Petry,D,254.0,44.0,58.0,18.0,151.0,84.0,258.0,29.0
Adam Edstrom,C,254.0,40.0,61.0,18.0,108.0,127.0,258.0,30.0
Thomas Novak,C,254.0,32.0,56.0,17.0,196.0,135.0,180.0,26.0
Nicklaus Perbix,D,255.0,39.0,52.0,18.0,152.0,94.0,258.0,30.0
Pavel Dorofeyev,LW,255.0,11.0,48.0,5.0,174.0,124.0,255.0,26.0
Patrick Kane,RW,256.0,24.0,27.0,6.0,183.0,138.0,253.0,13.0
Jonny Brodzinski,C,256.0,33.0,58.0,18.0,175.0,142.0,188.0,30.0
Simon Holmström,RW,257.0,25.0,40.0,16.0,175.0,106.0,257.0,26.0
JJ Peterka,RW,257.0,18.0,24.0,12.0,172.0,145.0,256.0,18.0
Olen Zellweger,D,257.0,38.0,52.0,17.0,165.0,89.0,258.0,26.0
Nikolai Kovalenko,RW,257.0,38.0,52.0,15.0,118.0,137.0,256.0,29.0
Marc Del Gaizo,D,258.0,43.0,58.0,18.0,131.0,108.0,258.0,30.0
Miro Heiskanen,D,258.0,40.0,45.0,18.0,185.0,77.0,258.0,23.0
Brock Nelson,C,259.0,39.0,58.0,16.0,193.0,154.0,158.0,29.0
Scott Laughton,C,259.0,43.0,63.0,18.0,153.0,140.0,200.0,30.0
Charlie Coyle,C,260.0,43.0,54.0,18.0,187.0,149.0,171.0,26.0
Fraser Minten,C,260.0,42.0,63.0,18.0,154.0,151.0,191.0,29.0
Jonathon Merrill,D,260.0,43.0,61.0,18.0,161.0,77.0,258.0,30.0
Evgenii Dadonov,RW,261.0,25.0,45.0,13.0,158.0,122.0,258.0,28.0
Thomas Novak,C,261.0,32.0,56.0,17.0,196.0,140.0,182.0,26.0
Jan Rutta,D,261.0,42.0,59.0,18.0,162.0,80.0,258.0,30.0
Artturi Lehkonen,LW,262.0,18.0,47.0,17.0,169.0,122.0,251.0,26.0
Christian Fischer,RW,263.0,44.0,59.0,18.0,109.0,142.0,249.0,30.0
Egor Zamula,D,263.0,42.0,53.0,18.0,178.0,72.0,258.0,30.0
Tyler Tucker,D,264.0,42.0,61.0,18.0,121.0,122.0,258.0,30.0
Nick Cousins,C,264.0,39.0,56.0,18.0,117.0,135.0,257.0,30.0
Aliaksei Protas,C,265.0,15.0,29.0,18.0,182.0,128.0,252.0,29.0
Nils Höglander,LW,266.0,37.0,48.0,18.0,126.0,138.0,258.0,29.0
Conor Timmins,D,266.0,43.0,59.0,18.0,162.0,84.0,258.0,30.0
Tyson Jost,C,266.0,41.0,60.0,18.0,156.0,144.0,205.0,30.0
David Gustafsson,C,266.0,43.0,61.0,18.0,183.0,143.0,176.0,30.0
Joe Veleno,C,267.0,42.0,61.0,18.0,156.0,149.0,199.0,30.0
Taylor Raddysh,RW,267.0,38.0,45.0,18.0,143.0,133.0,249.0,29.0
Christian Fischer,RW,267.0,44.0,59.0,18.0,113.0,142.0,249.0,30.0
Calvin de Haan,D,267.0,45.0,58.0,18.0,143.0,103.0,258.0,30.0
Louis Crevier,D,268.0,42.0,64.0,18.0,132.0,112.0,258.0,30.0
Jake Christiansen,D,268.0,44.0,58.0,18.0,152.0,96.0,258.0,30.0
Philip Tomasino,C,268.0,34.0,52.0,15.0,139.0,138.0,253.0,25.0
Philippe Myers,D,268.0,43.0,62.0,18.0,126.0,119.0,258.0,30.0
Oliver Bjorkstrand,RW,268.0,29.0,44.0,14.0,141.0,146.0,256.0,26.0
Joel Farabee,LW,269.0,37.0,54.0,18.0,147.0,127.0,247.0,27.0
Henry Thrun,D,270.0,43.0,55.0,18.0,159.0,95.0,258.0,30.0
Michael Bunting,LW,270.0,31.0,50.0,9.0,143.0,148.0,253.0,24.0
Andreas Englund,D,270.0,44.0,63.0,18.0,124.0,121.0,258.0,30.0
Justin Holl,D,270.0,43.0,59.0,18.0,167.0,83.0,258.0,30.0
Valeri Nichushkin,RW,270.0,24.0,52.0,13.0,147.0,140.0,255.0,27.0
Jeff Skinner,LW,270.0,29.0,52.0,18.0,157.0,138.0,236.0,28.0
Marcus Johansson,C,271.0,34.0,42.0,17.0,153.0,136.0,253.0,25.0
Alec Martinez,D,271.0,40.0,58.0,18.0,178.0,80.0,258.0,28.0
J.J. Moser,D,271.0,43.0,53.0,18.0,168.0,91.0,258.0,29.0
Justin Kirkland,LW,271.0,43.0,59.0,18.0,157.0,145.0,208.0,30.0
Kaapo Kakko,RW,271.0,35.0,45.0,15.0,157.0,141.0,240.0,27.0
Nolan Allan,D,272.0,44.0,58.0,18.0,141.0,113.0,258.0,30.0
Patrik Laine,RW,272.0,25.0,52.0,3.0,176.0,133.0,247.0,26.0
Tyson Kozak,C,273.0,42.0,63.0,17.0,176.0,138.0,197.0,30.0
Gustav Nyquist,RW,273.0,34.0,48.0,16.0,158.0,131.0,247.0,29.0
Mitchell Stephens,C,273.0,44.0,63.0,18.0,177.0,157.0,174.0,30.0
Declan Chisholm,D,273.0,43.0,55.0,17.0,169.0,92.0,258.0,29.0
Corey Perry,RW,273.0,26.0,54.0,14.0,166.0,135.0,241.0,27.0
Josh Doan,RW,273.0,38.0,53.0,15.0,157.0,147.0,224.0,29.0
Lars Eller,C,273.0,41.0,62.0,18.0,185.0,152.0,175.0,30.0
Gage Goncalves,C,273.0,37.0,53.0,17.0,131.0,141.0,255.0,29.0
Chris Wagner,C,274.0,44.0,65.0,18.0,145.0,148.0,214.0,30.0
Jack Quinn,RW,274.0,30.0,41.0,15.0,163.0,138.0,257.0,20.0
Craig Smith,C,274.0,36.0,56.0,16.0,146.0,130.0,250.0,30.0
Troy Terry,C,275.0,24.0,31.0,14.0,195.0,132.0,246.0,23.0
Ryan Reaves,RW,276.0,45.0,63.0,18.0,99.0,153.0,258.0,30.0
Liam O'Brien,C,276.0,45.0,63.0,18.0,102.0,150.0,258.0,30.0
Henri Jokiharju,D,276.0,42.0,58.0,18.0,152.0,108.0,258.0,30.0
Jacob Trouba,D,276.0,45.0,59.0,18.0,163.0,93.0,258.0,30.0
Michael Eyssimont,C,277.0,40.0,60.0,18.0,120.0,142.0,257.0,30.0
Mark Jankowski,C,277.0,37.0,65.0,18.0,198.0,147.0,172.0,30.0
Tyler Seguin,C,278.0,36.0,53.0,15.0,197.0,155.0,182.0,30.0
Colton Dach,C,278.0,43.0,60.0,18.0,116.0,149.0,252.0,30.0
Haydn Fleury,D,278.0,45.0,58.0,18.0,154.0,105.0,258.0,30.0
Matt Martin,LW,278.0,45.0,63.0,18.0,120.0,142.0,250.0,30.0
Nico Sturm,C,278.0,45.0,64.0,18.0,165.0,152.0,194.0,30.0
Reilly Smith,RW,279.0,35.0,46.0,17.0,160.0,127.0,257.0,27.0
Noah Gregor,C,279.0,41.0,63.0,18.0,126.0,136.0,255.0,30.0
Taylor Hall,LW,279.0,36.0,50.0,17.0,179.0,132.0,227.0,28.0
David Perron,LW,280.0,36.0,58.0,14.0,130.0,152.0,252.0,28.0
Kaedan Korczak,D,280.0,45.0,55.0,18.0,143.0,121.0,258.0,30.0
Danton Heinen,C,280.0,39.0,53.0,17.0,152.0,136.0,244.0,29.0
Troy Stecher,D,281.0,42.0,61.0,18.0,167.0,95.0,258.0,30.0
André Burakovsky,LW,281.0,35.0,38.0,18.0,169.0,134.0,255.0,22.0
Cam Fowler,D,281.0,36.0,38.0,16.0,196.0,103.0,258.0,24.0
Keaton Middleton,D,281.0,45.0,63.0,18.0,133.0,124.0,258.0,30.0
Emil Andrae,D,282.0,44.0,59.0,18.0,156.0,111.0,258.0,27.0
Jackson Blake,RW,283.0,28.0,48.0,13.0,183.0,131.0,243.0,28.0
Tomáš Tatar,LW,283.0,38.0,55.0,17.0,146.0,142.0,248.0,28.0
Dennis Gilbert,D,283.0,45.0,59.0,18.0,139.0,125.0,258.0,30.0
Vincent Desharnais,D,283.0,45.0,62.0,18.0,148.0,113.0,258.0,30.0
Philip Tomasino,C,283.0,34.0,53.0,15.0,149.0,141.0,257.0,25.0
Casey Mittelstadt,C,283.0,41.0,63.0,17.0,196.0,151.0,177.0,29.0
Kent Johnson,C,284.0,21.0,32.0,14.0,199.0,132.0,258.0,19.0
Kirill Kaprizov,LW,285.0,20.0,34.0,14.0,186.0,144.0,258.0,20.0
Luke Schenn,D,286.0,45.0,63.0,18.0,130.0,133.0,258.0,30.0
Denton Mateychuk,D,286.0,41.0,56.0,18.0,176.0,98.0,258.0,30.0
Sam Colangelo,RW,286.0,35.0,63.0,16.0,135.0,144.0,254.0,30.0
Connor Brown,RW,286.0,32.0,48.0,18.0,183.0,124.0,242.0,30.0
Viktor Arvidsson,LW,286.0,30.0,53.0,17.0,170.0,138.0,241.0,28.0
Rodrigo Abols,C,286.0,43.0,62.0,18.0,177.0,149.0,198.0,30.0
Mikael Granlund,C,287.0,38.0,51.0,18.0,182.0,138.0,226.0,26.0
Jesse Puljujärvi,RW,287.0,41.0,59.0,18.0,122.0,152.0,258.0,29.0
Zach Benson,LW,287.0,35.0,47.0,15.0,167.0,132.0,254.0,29.0
Jacob Moverare,D,288.0,44.0,58.0,18.0,171.0,101.0,258.0,30.0
Erik Gustafsson,D,288.0,43.0,49.0,17.0,174.0,117.0,258.0,22.0
Jakub Lauko,C,289.0,42.0,62.0,18.0,133.0,139.0,257.0,30.0
Nicolas Deslauriers,LW,289.0,43.0,64.0,18.0,117.0,152.0,257.0,30.0
Jakob Pelletier,LW,289.0,38.0,53.0,18.0,155.0,142.0,245.0,30.0
Brock McGinn,LW,289.0,41.0,61.0,18.0,141.0,133.0,257.0,30.0
Fraser Minten,C,289.0,43.0,63.0,18.0,166.0,153.0,209.0,29.0
Marcus Pettersson,D,290.0,44.0,55.0,18.0,179.0,100.0,258.0,30.0
John Hayden,C,290.0,44.0,64.0,18.0,158.0,142.0,228.0,30.0
Jordan Oesterle,D,291.0,41.0,59.0,18.0,175.0,104.0,258.0,30.0
Drew Doughty,D,291.0,41.0,52.0,18.0,176.0,116.0,258.0,24.0
Mathew Barzal,C,291.0,39.0,51.0,17.0,178.0,137.0,236.0,27.0
Andreas Englund,D,292.0,45.0,63.0,18.0,144.0,128.0,258.0,30.0
Andrei Kuzmenko,F,293.0,34.0,39.0,14.0,183.0,139.0,257.0,21.0
Vinni Lettieri,C,293.0,42.0,63.0,18.0,142.0,145.0,247.0,30.0
James van Riemsdyk,LW,294.0,29.0,45.0,17.0,171.0,145.0,252.0,29.0
Jonatan Berggren,RW,294.0,33.0,53.0,15.0,161.0,145.0,253.0,28.0
Erik Johnson,D,295.0,43.0,62.0,18.0,143.0,135.0,258.0,30.0
Matthew Poitras,C,296.0,44.0,55.0,18.0,190.0,151.0,203.0,30.0
Cody Ceci,D,296.0,45.0,56.0,18.0,178.0,106.0,258.0,30.0
Filip Chytil,C,296.0,43.0,61.0,18.0,195.0,157.0,189.0,28.0
Jacob Bernard-Docker,D,296.0,43.0,59.0,18.0,172.0,111.0,258.0,30.0
Victor Mancini,D,296.0,43.0,59.0,17.0,164.0,120.0,258.0,30.0
Alexandre Carrier,D,297.0,44.0,59.0,18.0,171.0,112.0,258.0,30.0
William Borgen,D,297.0,44.0,64.0,18.0,154.0,124.0,258.0,30.0
Shakir Mukhamadullin,D,297.0,43.0,58.0,18.0,177.0,110.0,258.0,28.0
Dennis Gilbert,D,298.0,45.0,60.0,18.0,150.0,132.0,258.0,30.0
Brett Berard,LW,298.0,39.0,61.0,18.0,149.0,141.0,255.0,30.0
Zachary Jones,D,298.0,44.0,55.0,18.0,174.0,115.0,258.0,29.0
Michael Carcone,F,299.0,38.0,53.0,18.0,154.0,150.0,253.0,28.0
Gustav Nyquist,RW,300.0,36.0,53.0,17.0,173.0,139.0,247.0,30.0
Urho Vaakanainen,D,300.0,43.0,51.0,18.0,183.0,112.0,258.0,30.0
T.J. Brodie,D,300.0,43.0,57.0,18.0,186.0,103.0,258.0,30.0
Ilya Mikheyev,F,300.0,25.0,51.0,18.0,168.0,146.0,257.0,30.0
Jonathan Drouin,LW,300.0,34.0,39.0,15.0,188.0,149.0,249.0,21.0
Ivan Ivan,F,300.0,40.0,62.0,16.0,190.0,152.0,206.0,29.0
Pierre Engvall,LW,300.0,37.0,58.0,18.0,155.0,149.0,248.0,30.0
Luca Del Bel Belluz,C,300.0,43.0,59.0,18.0,198.0,149.0,199.0,29.0
Victor Olofsson,RW,301.0,30.0,51.0,12.0,176.0,142.0,257.0,28.0
Daniil Miromanov,D,301.0,43.0,58.0,18.0,183.0,106.0,258.0,30.0
Tony DeAngelo,D,302.0,41.0,50.0,18.0,185.0,119.0,258.0,26.0
Michael Pezzetta,C,302.0,45.0,65.0,18.0,129.0,154.0,256.0,30.0
Cody Glass,C,302.0,43.0,60.0,18.0,192.0,154.0,200.0,30.0
Zack Ostapchuk,C,302.0,45.0,65.0,18.0,178.0,151.0,210.0,30.0
Max Jones,LW,303.0,44.0,64.0,18.0,131.0,153.0,258.0,30.0
Max Sasson,F,303.0,42.0,61.0,18.0,184.0,148.0,215.0,30.0
Juuso Pärssinen,C,303.0,43.0,61.0,18.0,161.0,155.0,230.0,30.0
Matthew Highmore,LW,304.0,43.0,61.0,18.0,152.0,142.0,253.0,30.0
Sean Durzi,D,304.0,41.0,58.0,17.0,187.0,109.0,258.0,29.0
Patrick Brown,C,305.0,45.0,64.0,18.0,156.0,149.0,238.0,30.0
Jack Thompson,D,305.0,41.0,59.0,18.0,190.0,107.0,258.0,27.0
Luke Evangelista,RW,306.0,35.0,43.0,17.0,174.0,148.0,258.0,26.0
Juuso Pärssinen,C,306.0,43.0,62.0,18.0,174.0,152.0,223.0,29.0
Kaapo Kakko,RW,306.0,41.0,55.0,17.0,179.0,153.0,227.0,29.0
Juuso Välimäki,D,307.0,43.0,62.0,18.0,179.0,112.0,258.0,30.0
Oliver Wahlstrom,RW,307.0,42.0,62.0,18.0,168.0,131.0,252.0,29.0
Yegor Chinakhov,RW,307.0,38.0,57.0,16.0,155.0,151.0,258.0,27.0
Nikolai Kovalenko,RW,307.0,42.0,56.0,17.0,152.0,150.0,256.0,29.0
Ryan Shea,D,307.0,43.0,62.0,18.0,182.0,110.0,258.0,29.0
Jordan Eberle,RW,308.0,36.0,48.0,17.0,189.0,136.0,251.0,26.0
Urho Vaakanainen,D,308.0,43.0,52.0,18.0,183.0,119.0,258.0,30.0
Connor Dewar,C,308.0,41.0,62.0,18.0,153.0,142.0,257.0,30.0
Martin Nečas,C,309.0,34.0,48.0,13.0,180.0,154.0,255.0,20.0
Craig Smith,C,309.0,36.0,58.0,16.0,172.0,141.0,251.0,30.0
Akil Thomas,C,309.0,44.0,63.0,18.0,160.0,149.0,240.0,30.0
Pierre-Olivier Joseph,D,309.0,45.0,62.0,18.0,166.0,125.0,258.0,30.0
Ben Jones,F,310.0,45.0,65.0,18.0,151.0,150.0,246.0,30.0
Miles Wood,LW,310.0,41.0,61.0,18.0,154.0,146.0,255.0,30.0
Vinnie Hinostroza,C,311.0,40.0,60.0,15.0,161.0,149.0,251.0,30.0
Seth Jones,D,311.0,43.0,58.0,18.0,168.0,135.0,258.0,26.0
Jacob Bryson,D,311.0,45.0,58.0,18.0,187.0,110.0,258.0,30.0
Brandon Saad,LW,311.0,32.0,48.0,18.0,190.0,140.0,251.0,27.0
Mikael Pyyhtia,LW,311.0,41.0,62.0,18.0,177.0,122.0,256.0,30.0
Hendrix Lapierre,C,311.0,45.0,57.0,18.0,190.0,147.0,219.0,30.0
Jakub Lauko,C,312.0,43.0,62.0,18.0,152.0,144.0,258.0,30.0
Henri Jokiharju,D,312.0,42.0,62.0,18.0,167.0,130.0,258.0,30.0
Jake Bean,D,312.0,43.0,60.0,18.0,180.0,118.0,258.0,30.0
Alexander Holtz,RW,313.0,41.0,57.0,17.0,163.0,146.0,255.0,29.0
Elmer Söderblom,RW,314.0,41.0,58.0,18.0,159.0,149.0,254.0,30.0
Brendan Smith,D,314.0,44.0,60.0,18.0,161.0,138.0,258.0,30.0
Joel Farabee,LW,315.0,42.0,62.0,18.0,163.0,145.0,251.0,29.0
John Marino,D,315.0,44.0,52.0,18.0,193.0,115.0,258.0,30.0
Taylor Hall,LW,316.0,36.0,56.0,14.0,182.0,148.0,247.0,28.0
Drew O'Connor,F,316.0,41.0,60.0,18.0,170.0,144.0,248.0,30.0
Walker Duehr,F,316.0,43.0,64.0,18.0,153.0,146.0,257.0,30.0
Brandon Carlo,D,317.0,45.0,62.0,18.0,176.0,123.0,258.0,30.0
Ethan Del Mastro,D,317.0,43.0,61.0,18.0,162.0,140.0,258.0,30.0
Phillip Di Giuseppe,LW,317.0,44.0,60.0,18.0,148.0,155.0,257.0,30.0
Brandon Tanev,LW,318.0,44.0,61.0,18.0,156.0,147.0,258.0,30.0
Vladislav Kolyachonok,D,318.0,43.0,60.0,18.0,175.0,130.0,258.0,30.0
Matthew Nieto,LW,318.0,44.0,63.0,18.0,163.0,141.0,256.0,29.0
Zack MacEwen,C,318.0,43.0,64.0,18.0,153.0,154.0,252.0,30.0
Fabian Zetterlund,W,319.0,43.0,62.0,17.0,163.0,143.0,257.0,30.0
Max Jones,LW,319.0,44.0,64.0,18.0,145.0,156.0,258.0,30.0
Jack St. Ivany,D,319.0,45.0,64.0,18.0,164.0,136.0,258.0,30.0
Brendan Gaunce,C,319.0,45.0,64.0,18.0,184.0,154.0,220.0,30.0
Noah Philp,F,320.0,45.0,63.0,18.0,187.0,154.0,219.0,30.0
Jordan Oesterle,D,320.0,44.0,60.0,18.0,182.0,124.0,258.0,30.0
Jordan Harris,D,320.0,44.0,61.0,18.0,179.0,126.0,258.0,30.0
Nils Lundkvist,D,321.0,45.0,60.0,18.0,179.0,127.0,258.0,30.0
Jack Johnson,D,321.0,45.0,59.0,18.0,181.0,126.0,258.0,30.0
Juuso Pärssinen,C,321.0,43.0,62.0,18.0,185.0,147.0,232.0,30.0
Erik Brännström,D,321.0,42.0,60.0,18.0,188.0,122.0,258.0,29.0
Jesse Puljujärvi,RW,321.0,42.0,59.0,18.0,157.0,154.0,258.0,29.0
Joona Koppanen,LW,321.0,44.0,65.0,18.0,162.0,158.0,240.0,30.0
Patrick Giles,F,322.0,44.0,65.0,18.0,181.0,154.0,226.0,30.0
Scott Perunovich,D,322.0,43.0,58.0,18.0,187.0,124.0,258.0,30.0
Anthony Duclair,LW,322.0,38.0,61.0,15.0,176.0,140.0,258.0,30.0
Kyle Burroughs,D,323.0,45.0,62.0,18.0,160.0,147.0,258.0,30.0
Cale Fleury,D,323.0,45.0,64.0,18.0,172.0,133.0,258.0,30.0
Nikita Nesterenko,C,323.0,41.0,63.0,18.0,156.0,154.0,258.0,30.0
Danton Heinen,C,324.0,42.0,57.0,18.0,171.0,149.0,254.0,30.0
Elias Pettersson,D,324.0,44.0,63.0,18.0,163.0,145.0,258.0,30.0
Nikolas Matinpalo,D,324.0,44.0,62.0,18.0,177.0,132.0,258.0,30.0
Nils Åman,C,325.0,44.0,60.0,18.0,180.0,159.0,231.0,30.0
Erik Johnson,D,325.0,44.0,63.0,18.0,162.0,147.0,258.0,30.0
Nikolai Kovalenko,RW,325.0,41.0,61.0,16.0,168.0,148.0,258.0,30.0
Kevin Labanc,RW,326.0,43.0,55.0,18.0,173.0,147.0,258.0,30.0
Jimmy Vesey,LW,326.0,40.0,62.0,18.0,170.0,149.0,255.0,30.0
Collin Graf,F,327.0,40.0,59.0,17.0,182.0,146.0,254.0,27.0
Dylan McIlrath,D,327.0,45.0,63.0,18.0,164.0,147.0,258.0,30.0
Isaiah George,D,328.0,44.0,61.0,18.0,188.0,127.0,258.0,30.0
Anthony Beauvillier,LW,328.0,43.0,62.0,18.0,171.0,151.0,251.0,30.0
Jakob Pelletier,LW,328.0,41.0,58.0,18.0,179.0,147.0,253.0,30.0
Bokondji Imama,LW,328.0,44.0,65.0,18.0,157.0,154.0,258.0,30.0
Owen Beck,C,328.0,45.0,64.0,18.0,179.0,153.0,237.0,30.0
Adam Boqvist,D,329.0,41.0,55.0,17.0,189.0,142.0,258.0,25.0
Jakub Vrána,LW,329.0,36.0,60.0,14.0,183.0,153.0,251.0,30.0
Brennan Othmann,LW,329.0,45.0,63.0,18.0,159.0,154.0,258.0,30.0
Vinnie Hinostroza,C,329.0,40.0,62.0,15.0,174.0,154.0,252.0,30.0
Jake Walman,D,329.0,44.0,58.0,18.0,193.0,127.0,258.0,29.0
Mikko Rantanen,RW,330.0,40.0,52.0,16.0,192.0,152.0,249.0,27.0
Hudson Fasching,RW,330.0,43.0,63.0,18.0,174.0,144.0,256.0,30.0
Marc McLaughlin,F,330.0,43.0,64.0,18.0,174.0,155.0,244.0,30.0
Ryan Lindgren,D,331.0,43.0,64.0,18.0,181.0,135.0,258.0,30.0
Nicolas Aubé-Kubel,RW,331.0,44.0,64.0,18.0,162.0,158.0,253.0,30.0
Jacob Bernard-Docker,D,331.0,44.0,62.0,18.0,181.0,136.0,258.0,30.0
Dennis Cholowski,D,331.0,42.0,58.0,18.0,197.0,128.0,258.0,28.0
Erik Gudbranson,D,332.0,45.0,61.0,18.0,176.0,142.0,258.0,30.0
Kieffer Bellows,LW,332.0,43.0,63.0,18.0,167.0,155.0,256.0,28.0
Andre Lee,LW,332.0,44.0,63.0,18.0,166.0,151.0,258.0,30.0
Robert Bortuzzo,D,332.0,45.0,63.0,18.0,181.0,135.0,258.0,30.0
Victor Mancini,D,332.0,44.0,63.0,17.0,178.0,140.0,258.0,30.0
Justin Brazeau,F,333.0,44.0,64.0,18.0,168.0,149.0,258.0,30.0
Kurtis MacDermid,LW,333.0,45.0,65.0,18.0,162.0,153.0,258.0,30.0
Matthew Kessel,D,333.0,45.0,62.0,18.0,180.0,138.0,258.0,30.0
Marc-Édouard Vlasic,D,334.0,44.0,63.0,18.0,198.0,121.0,258.0,30.0
Artyom Levshunov,D,334.0,45.0,59.0,18.0,183.0,141.0,258.0,28.0
Pierre-Olivier Joseph,D,334.0,45.0,64.0,18.0,179.0,138.0,258.0,30.0
Dennis Cholowski,D,334.0,42.0,58.0,18.0,197.0,131.0,258.0,28.0
Carson Soucy,D,335.0,44.0,63.0,18.0,173.0,147.0,258.0,30.0
Oliver Wahlstrom,RW,335.0,44.0,64.0,18.0,175.0,149.0,253.0,30.0
Daniel Sprong,RW,336.0,43.0,60.0,17.0,170.0,157.0,258.0,29.0
Jakob Pelletier,LW,336.0,42.0,60.0,18.0,178.0,156.0,250.0,30.0
Linus Karlsson,C,337.0,42.0,62.0,17.0,175.0,153.0,257.0,29.0
Landon Slaggert,LW,337.0,43.0,61.0,18.0,177.0,148.0,258.0,30.0
Alexandre Texier,C,337.0,39.0,60.0,17.0,182.0,150.0,258.0,29.0
Austin Watson,LW,338.0,42.0,65.0,18.0,166.0,159.0,256.0,30.0
Marc McLaughlin,F,338.0,43.0,65.0,18.0,179.0,155.0,246.0,30.0
Michael Eyssimont,C,338.0,41.0,63.0,18.0,174.0,157.0,253.0,30.0
Matias Maccelli,LW,338.0,37.0,55.0,18.0,196.0,151.0,252.0,27.0
Juha Jaaska,F,338.0,45.0,61.0,18.0,182.0,158.0,242.0,30.0
Liam Ohgren,LW,339.0,43.0,62.0,18.0,178.0,149.0,258.0,29.0
Cole Reinhardt,LW,339.0,44.0,64.0,18.0,165.0,159.0,257.0,30.0
Luke Kunin,C,339.0,45.0,65.0,18.0,178.0,148.0,253.0,30.0
Walker Duehr,F,339.0,45.0,64.0,18.0,174.0,149.0,257.0,30.0
Nicolas Aubé-Kubel,RW,339.0,44.0,64.0,18.0,169.0,158.0,254.0,30.0
Ivan Miroshnichenko,LW,340.0,44.0,62.0,18.0,174.0,153.0,258.0,29.0
Andrei Kuzmenko,F,340.0,40.0,53.0,18.0,194.0,150.0,258.0,25.0
Henri Jokiharju,D,340.0,45.0,61.0,18.0,187.0,139.0,258.0,30.0
Adam Wilsby,D,341.0,44.0,61.0,18.0,184.0,144.0,258.0,30.0
Josh Brown,D,341.0,45.0,64.0,18.0,181.0,143.0,258.0,30.0
Craig Smith,C,341.0,45.0,63.0,18.0,176.0,150.0,257.0,30.0
Andrei Kuzmenko,F,342.0,41.0,54.0,15.0,194.0,152.0,257.0,27.0
Fraser Minten,C,342.0,44.0,65.0,18.0,190.0,159.0,234.0,30.0
Brandon Saad,LW,342.0,38.0,56.0,18.0,195.0,150.0,255.0,28.0
Victor Mancini,D,342.0,44.0,61.0,18.0,188.0,141.0,258.0,30.0
Vincent Desharnais,D,342.0,45.0,65.0,18.0,183.0,141.0,258.0,30.0
Oliver Bjorkstrand,RW,343.0,40.0,61.0,17.0,189.0,150.0,257.0,27.0
Andreas Athanasiou,C,343.0,44.0,65.0,18.0,196.0,155.0,233.0,30.0
Jesse Puljujärvi,RW,343.0,44.0,65.0,18.0,167.0,159.0,258.0,30.0
Jimmy Vesey,LW,343.0,41.0,63.0,18.0,183.0,151.0,255.0,30.0
Justin Barron,D,343.0,44.0,65.0,18.0,185.0,141.0,258.0,30.0
Brian Dumoulin,D,343.0,44.0,60.0,18.0,188.0,143.0,258.0,30.0
Jacob Bernard-Docker,D,343.0,44.0,62.0,18.0,193.0,136.0,258.0,30.0
Vladislav Kolyachonok,D,343.0,43.0,62.0,18.0,188.0,142.0,258.0,30.0
Marat Khusnutdinov,C,343.0,42.0,63.0,18.0,184.0,152.0,253.0,29.0
Nick Leddy,D,344.0,43.0,62.0,18.0,197.0,135.0,258.0,30.0
Scott Perunovich,D,344.0,43.0,61.0,18.0,193.0,140.0,258.0,30.0
Jakub Vrána,LW,344.0,38.0,61.0,15.0,189.0,156.0,254.0,30.0
Oliver Kapanen,C,344.0,45.0,63.0,18.0,201.0,153.0,234.0,29.0
Cam Atkinson,RW,344.0,41.0,60.0,17.0,187.0,151.0,257.0,30.0
Anthony Mantha,RW,345.0,41.0,62.0,17.0,186.0,153.0,255.0,30.0
Owen Pickering,D,345.0,44.0,63.0,18.0,189.0,142.0,258.0,30.0
Cam Fowler,D,345.0,45.0,61.0,18.0,200.0,132.0,258.0,30.0
Spencer Stastney,D,345.0,45.0,62.0,18.0,194.0,137.0,258.0,30.0
Ethen Frank,F,345.0,41.0,62.0,18.0,191.0,145.0,258.0,29.0
Conor Timmins,D,345.0,44.0,59.0,18.0,187.0,148.0,258.0,30.0
Ben Meyers,F,346.0,45.0,65.0,18.0,193.0,160.0,234.0,30.0
Patrick Giles,F,346.0,45.0,65.0,18.0,186.0,157.0,244.0,30.0
Calle Järnkrok,C,346.0,44.0,59.0,17.0,187.0,152.0,256.0,30.0
Nick DeSimone,D,346.0,44.0,60.0,18.0,188.0,147.0,258.0,30.0
Brandon Saad,LW,346.0,39.0,57.0,18.0,197.0,151.0,254.0,29.0
Simon Nemec,D,346.0,43.0,63.0,18.0,200.0,135.0,258.0,28.0
Erik Johnson,D,347.0,44.0,64.0,18.0,183.0,149.0,258.0,30.0
Maveric Lamoureux,D,348.0,44.0,63.0,18.0,184.0,150.0,258.0,30.0
Joshua Norris,C,348.0,44.0,64.0,18.0,200.0,159.0,232.0,30.0
Gustav Nyquist,RW,348.0,43.0,60.0,17.0,187.0,153.0,258.0,29.0
Jaret Anderson-Dolan,C,349.0,45.0,64.0,18.0,179.0,155.0,257.0,30.0
Lucas Condotta,F,349.0,44.0,65.0,18.0,192.0,158.0,241.0,30.0
Jordan Oesterle,D,349.0,42.0,64.0,18.0,195.0,141.0,258.0,30.0
Oliver Wahlstrom,RW,349.0,43.0,63.0,18.0,195.0,143.0,257.0,29.0
Ben Hutton,D,349.0,45.0,63.0,18.0,192.0,142.0,258.0,30.0
Jonathan Lekkerimaki,RW,350.0,42.0,62.0,18.0,186.0,155.0,258.0,28.0
Jani Nyman,RW,350.0,42.0,62.0,16.0,189.0,154.0,257.0,29.0
Hampus Lindholm,D,350.0,42.0,61.0,18.0,197.0,144.0,258.0,29.0
Reilly Smith,RW,351.0,42.0,57.0,17.0,196.0,154.0,255.0,29.0
Vincent Desharnais,D,351.0,45.0,65.0,18.0,188.0,146.0,258.0,30.0
Ian Mitchell,D,351.0,45.0,64.0,18.0,197.0,138.0,258.0,30.0
Joey Anderson,RW,351.0,45.0,64.0,18.0,190.0,148.0,255.0,30.0
Ryan Winterton,C,352.0,45.0,64.0,18.0,182.0,155.0,257.0,30.0
Noah Gregor,C,352.0,45.0,64.0,18.0,184.0,153.0,257.0,30.0
Daniel Sprong,RW,352.0,45.0,63.0,18.0,181.0,157.0,258.0,29.0
Michael Bunting,LW,352.0,40.0,61.0,16.0,191.0,155.0,258.0,30.0
Logan Stankoven,C,352.0,40.0,61.0,17.0,196.0,152.0,256.0,29.0
Andreas Englund,D,352.0,44.0,65.0,18.0,182.0,154.0,258.0,30.0
Pierre-Olivier Joseph,D,352.0,45.0,63.0,18.0,189.0,148.0,258.0,30.0
Patrick Giles,F,352.0,44.0,65.0,18.0,197.0,158.0,239.0,30.0
Jeff Malott,F,352.0,45.0,64.0,18.0,183.0,154.0,257.0,30.0
Arshdeep Bains,F,352.0,44.0,65.0,18.0,185.0,154.0,255.0,30.0
Seamus Casey,D,352.0,41.0,61.0,16.0,192.0,154.0,258.0,29.0
Vladislav Kolyachonok,D,353.0,45.0,63.0,18.0,189.0,149.0,258.0,30.0
Adam Boqvist,D,353.0,43.0,59.0,17.0,195.0,152.0,258.0,28.0
Jere Innala,F,353.0,45.0,65.0,18.0,182.0,155.0,257.0,30.0
Tyson Barrie,D,353.0,44.0,63.0,18.0,192.0,149.0,258.0,28.0
Grant Hutton,D,353.0,45.0,63.0,18.0,189.0,149.0,258.0,30.0
Mikko Rantanen,RW,354.0,43.0,61.0,17.0,192.0,158.0,253.0,29.0
Andrew Poturalski,C,354.0,45.0,64.0,18.0,202.0,157.0,237.0,30.0
Walker Duehr,F,354.0,43.0,65.0,18.0,181.0,158.0,258.0,30.0
Brad Marchand,LW,354.0,43.0,63.0,18.0,187.0,154.0,258.0,30.0
Oliver Kylington,D,354.0,44.0,61.0,18.0,199.0,143.0,258.0,30.0
Joseph LaBate,C,354.0,45.0,64.0,18.0,188.0,150.0,258.0,30.0
Karsen Dorwart,F,355.0,45.0,65.0,18.0,193.0,159.0,244.0,30.0
Ville Heinola,D,355.0,45.0,64.0,18.0,194.0,145.0,258.0,30.0
Givani Smith,RW,355.0,45.0,65.0,18.0,182.0,156.0,258.0,30.0
Scott Perunovich,D,355.0,45.0,62.0,18.0,196.0,145.0,258.0,30.0
Sam Rinzel,D,355.0,45.0,60.0,18.0,190.0,156.0,258.0,27.0
Scott Morrow,D,355.0,44.0,60.0,18.0,199.0,145.0,258.0,30.0
Adam Boqvist,D,355.0,43.0,61.0,18.0,196.0,151.0,258.0,27.0
John Ludvig,D,356.0,45.0,63.0,18.0,186.0,155.0,258.0,30.0
Ryan Leonard,RW,356.0,44.0,65.0,18.0,184.0,157.0,257.0,30.0
Tanner Laczynski,C,357.0,44.0,65.0,18.0,199.0,158.0,242.0,30.0
Oliver Moore,C,357.0,45.0,61.0,18.0,196.0,159.0,247.0,30.0
Anthony Richard,C,357.0,43.0,61.0,18.0,194.0,153.0,258.0,29.0
Jett Luchanko,F,357.0,45.0,65.0,18.0,196.0,161.0,241.0,30.0
Alexander Alexeyev,D,357.0,45.0,65.0,18.0,193.0,147.0,258.0,30.0
Tobias Björnfot,D,357.0,45.0,65.0,18.0,189.0,151.0,258.0,30.0
David Jiříček,D,358.0,44.0,63.0,18.0,190.0,154.0,258.0,30.0
Lucas Carlsson,D,358.0,44.0,62.0,18.0,198.0,147.0,258.0,30.0
Alex Steeves,F,358.0,44.0,64.0,18.0,183.0,160.0,258.0,30.0
Travis Dermott,D,358.0,45.0,65.0,18.0,196.0,145.0,258.0,30.0
John Klingberg,D,358.0,44.0,62.0,18.0,197.0,148.0,258.0,30.0
Olle Lycksell,RW,358.0,45.0,60.0,18.0,193.0,156.0,256.0,29.0
Logan Mailloux,D,359.0,43.0,63.0,18.0,193.0,153.0,258.0,30.0
Oliver Kylington,D,359.0,44.0,62.0,18.0,200.0,146.0,258.0,30.0
Vinnie Hinostroza,C,359.0,45.0,63.0,18.0,189.0,156.0,257.0,30.0
Michael Callahan,D,359.0,44.0,65.0,18.0,194.0,149.0,258.0,30.0
Vasiliy Ponomarev,C,359.0,45.0,65.0,18.0,197.0,159.0,244.0,30.0
Ilya Solovyov,D,359.0,45.0,64.0,18.0,190.0,153.0,258.0,30.0
Ville Koivunen,RW,360.0,45.0,58.0,18.0,201.0,153.0,257.0,27.0
Skyler Brind'Amour,C,360.0,44.0,65.0,18.0,201.0,160.0,241.0,30.0
Valtteri Puustinen,RW,360.0,43.0,64.0,16.0,192.0,156.0,258.0,30.0
Kailer Yamamoto,RW,360.0,43.0,64.0,17.0,193.0,157.0,256.0,29.0
Dominik Shine,F,360.0,45.0,64.0,18.0,186.0,158.0,258.0,30.0
Rutger McGroarty,RW,360.0,44.0,63.0,18.0,190.0,156.0,258.0,30.0
Matt Benning,D,361.0,45.0,65.0,18.0,193.0,151.0,258.0,30.0
Dennis Gilbert,D,361.0,45.0,64.0,18.0,191.0,154.0,258.0,30.0
Mike Reilly,D,361.0,45.0,63.0,18.0,199.0,147.0,258.0,30.0
Arttu Hyry,F,361.0,45.0,64.0,18.0,198.0,158.0,247.0,30.0
Calvin de Haan,D,362.0,45.0,64.0,18.0,190.0,156.0,258.0,30.0
Philip Tomasino,C,362.0,45.0,64.0,18.0,192.0,158.0,254.0,30.0
Jimmy Schuldt,D,362.0,45.0,65.0,18.0,189.0,156.0,258.0,30.0
Kevin Korchinski,D,362.0,44.0,64.0,18.0,200.0,147.0,258.0,30.0
Clark Bishop,C,362.0,44.0,65.0,18.0,194.0,159.0,251.0,30.0
Emil Bemström,C,362.0,45.0,64.0,18.0,190.0,158.0,256.0,30.0
Dryden Hunt,LW,362.0,45.0,62.0,18.0,192.0,158.0,256.0,30.0
Jimmy Vesey,LW,363.0,44.0,64.0,18.0,189.0,159.0,258.0,30.0
T.J. Tynan,C,363.0,45.0,64.0,18.0,197.0,157.0,251.0,30.0
Ozzy Wiesblatt,RW,363.0,45.0,64.0,18.0,189.0,158.0,258.0,30.0
Max Jones,LW,363.0,45.0,65.0,18.0,188.0,158.0,258.0,30.0
Tyler Johnson,C,363.0,45.0,63.0,18.0,197.0,159.0,251.0,29.0
Matthew Stienburg,C,363.0,45.0,65.0,18.0,186.0,160.0,258.0,30.0
Maxwell Crozier,D,363.0,45.0,65.0,18.0,191.0,155.0,258.0,30.0
Angus Crookshank,LW,363.0,45.0,64.0,18.0,191.0,157.0,257.0,30.0
Kasperi Kapanen,RW,363.0,44.0,65.0,18.0,187.0,160.0,258.0,30.0
Joshua Roy,RW,363.0,43.0,65.0,18.0,196.0,153.0,257.0,30.0
Nikita Chibrikov,RW,363.0,43.0,64.0,18.0,193.0,157.0,258.0,29.0
Travis Dermott,D,364.0,45.0,65.0,18.0,196.0,151.0,258.0,30.0
Jacob Gaucher,F,364.0,45.0,65.0,18.0,198.0,159.0,248.0,30.0
Wyatt Aamodt,D,364.0,44.0,65.0,18.0,196.0,152.0,258.0,30.0
Kevin Gravel,D,364.0,45.0,64.0,18.0,195.0,153.0,258.0,30.0
Jakub Vrána,LW,364.0,43.0,64.0,17.0,196.0,158.0,255.0,30.0
Alexander Petrovic,D,364.0,45.0,65.0,18.0,192.0,155.0,258.0,30.0
Raphael Lavoie,C,364.0,45.0,65.0,18.0,186.0,161.0,258.0,30.0
Brad Lambert,C,365.0,45.0,64.0,18.0,197.0,157.0,253.0,30.0
Cameron Lund,C,365.0,43.0,64.0,17.0,195.0,159.0,256.0,30.0
Caleb Jones,D,365.0,45.0,65.0,18.0,192.0,156.0,258.0,30.0
Givani Smith,RW,365.0,45.0,65.0,18.0,189.0,159.0,258.0,30.0
Nikita Grebenkin,RW,365.0,45.0,65.0,18.0,189.0,160.0,257.0,30.0
Jeffrey Viel,F,365.0,45.0,65.0,18.0,190.0,159.0,257.0,30.0
Rasmus Asplund,F,366.0,45.0,65.0,18.0,199.0,159.0,249.0,30.0
William Lagesson,D,366.0,45.0,64.0,18.0,196.0,154.0,258.0,30.0
Chad Ruhwedel,D,366.0,45.0,64.0,18.0,194.0,156.0,258.0,30.0
Tristan Luneau,D,366.0,45.0,65.0,18.0,197.0,152.0,258.0,30.0
Daniil Gushchin,LW,366.0,45.0,64.0,18.0,196.0,155.0,257.0,30.0
Nolan Foote,LW,366.0,45.0,64.0,18.0,191.0,160.0,257.0,30.0
Luca Cagnoni,D,367.0,45.0,63.0,18.0,201.0,152.0,258.0,29.0
Arthur Kaliyev,RW,367.0,42.0,64.0,18.0,195.0,159.0,258.0,30.0
Rory Kerins,C,367.0,45.0,61.0,18.0,198.0,159.0,256.0,29.0
Nathan Legare,RW,367.0,45.0,65.0,18.0,190.0,160.0,258.0,30.0
Dominic Toninato,C,367.0,45.0,65.0,18.0,195.0,158.0,255.0,30.0
Michael Sgarbossa,C,367.0,44.0,64.0,18.0,201.0,160.0,249.0,30.0
Robert Hägg,D,367.0,45.0,65.0,18.0,191.0,159.0,258.0,30.0
Drake Caggiula,LW,367.0,45.0,64.0,18.0,194.0,158.0,257.0,30.0
Ethan Cardwell,RW,367.0,44.0,65.0,18.0,194.0,158.0,257.0,30.0
Mark Friedman,D,368.0,45.0,65.0,18.0,196.0,155.0,258.0,30.0
Justin Hryckowian,F,368.0,45.0,64.0,18.0,194.0,161.0,255.0,30.0
Jaycob Megna,D,368.0,45.0,65.0,18.0,199.0,152.0,258.0,30.0
Justin Robidas,C,368.0,44.0,64.0,18.0,200.0,161.0,250.0,30.0
Calum Ritchie,C,368.0,44.0,65.0,18.0,196.0,159.0,255.0,30.0
Andrei Kuzmenko,F,368.0,43.0,62.0,17.0,199.0,159.0,258.0,29.0
Jimmy Snuggerud,RW,368.0,44.0,62.0,17.0,199.0,157.0,258.0,30.0
Noah Ostlund,C,368.0,45.0,65.0,18.0,201.0,158.0,250.0,30.0
Nikita Prishchepov,C,368.0,45.0,65.0,18.0,192.0,159.0,258.0,30.0
Fabian Lysell,RW,369.0,44.0,63.0,17.0,197.0,159.0,258.0,30.0
Samuel Poulin,RW,369.0,45.0,64.0,18.0,192.0,161.0,258.0,30.0
David Jiříček,D,369.0,44.0,64.0,18.0,196.0,158.0,258.0,30.0
David Jiříček,D,369.0,45.0,64.0,18.0,196.0,157.0,258.0,30.0
Shane Bowers,C,369.0,45.0,65.0,18.0,193.0,160.0,257.0,30.0
John Farinacci,C,370.0,44.0,65.0,18.0,199.0,161.0,252.0,30.0
Helge Grans,D,370.0,45.0,64.0,18.0,198.0,156.0,258.0,30.0
Georgii Merkulov,F,370.0,45.0,64.0,18.0,200.0,154.0,258.0,30.0
Ty Mueller,C,370.0,45.0,65.0,18.0,201.0,157.0,253.0,30.0
Olli Määttä,D,370.0,45.0,65.0,18.0,199.0,154.0,258.0,30.0
Sam Morton,F,370.0,44.0,65.0,18.0,198.0,160.0,254.0,30.0
Ty Smith,D,370.0,44.0,64.0,17.0,200.0,156.0,258.0,30.0
Riley Tufte,LW,370.0,45.0,65.0,18.0,194.0,160.0,257.0,30.0
Givani Smith,RW,370.0,45.0,65.0,18.0,195.0,158.0,258.0,30.0
Joshua Dunne,C,371.0,45.0,65.0,18.0,197.0,159.0,256.0,30.0
Riley Stillman,D,371.0,45.0,65.0,18.0,194.0,160.0,258.0,30.0
Brendan Brisson,C,371.0,45.0,65.0,18.0,193.0,161.0,258.0,30.0
Ryan Greene,C,371.0,45.0,65.0,18.0,202.0,158.0,252.0,30.0
Daniel Sprong,RW,371.0,44.0,63.0,17.0,197.0,161.0,258.0,30.0
Matthew Savoie,C,371.0,45.0,64.0,18.0,199.0,160.0,254.0,30.0
Dylan Coghlan,D,371.0,45.0,65.0,18.0,200.0,154.0,258.0,30.0
Reese Johnson,F,371.0,45.0,65.0,18.0,196.0,158.0,258.0,30.0
Jonas Røndbjerg,RW,372.0,45.0,65.0,18.0,199.0,157.0,257.0,30.0
Marc McLaughlin,F,372.0,45.0,64.0,18.0,197.0,161.0,256.0,30.0
Nicolas Aubé-Kubel,RW,372.0,45.0,65.0,18.0,195.0,161.0,257.0,30.0
Dante Fabbro,D,372.0,45.0,65.0,18.0,201.0,154.0,258.0,30.0
Isaak Phillips,D,372.0,44.0,65.0,18.0,199.0,157.0,258.0,30.0
Urho Vaakanainen,D,372.0,45.0,64.0,18.0,202.0,154.0,258.0,30.0
Corey Schueneman,D,372.0,45.0,65.0,18.0,201.0,154.0,258.0,30.0
James Malatesta,LW,372.0,45.0,65.0,18.0,196.0,160.0,257.0,30.0
Samuel Honzek,LW,372.0,45.0,65.0,18.0,196.0,159.0,258.0,30.0
Hayden Hodgson,RW,372.0,45.0,65.0,18.0,195.0,160.0,258.0,30.0
Dakota Mermis,D,372.0,45.0,64.0,18.0,199.0,157.0,258.0,30.0
Daniel Sprong,RW,372.0,44.0,64.0,18.0,196.0,161.0,258.0,30.0
Matěj Blümel,RW,372.0,44.0,65.0,18.0,196.0,160.0,258.0,30.0
Mike Hardman,RW,372.0,45.0,64.0,18.0,198.0,158.0,258.0,30.0
Tim Washe,F,372.0,45.0,65.0,18.0,198.0,161.0,254.0,30.0
Dakota Mermis,D,373.0,45.0,64.0,18.0,199.0,158.0,258.0,30.0
Riley Duran,C,373.0,45.0,65.0,18.0,196.0,161.0,257.0,30.0
Tye Felhaber,F,373.0,45.0,65.0,18.0,195.0,161.0,258.0,30.0
Thomas Novak,C,373.0,45.0,65.0,18.0,202.0,156.0,256.0,30.0
Cam Dineen,D,373.0,45.0,65.0,18.0,201.0,155.0,258.0,30.0
Parker Ford,F,373.0,44.0,65.0,18.0,197.0,160.0,258.0,30.0
Domenick Fensore,D,374.0,45.0,65.0,18.0,199.0,158.0,258.0,30.0
Travis Dermott,D,374.0,45.0,65.0,18.0,202.0,155.0,258.0,30.0
Matthew Wood,RW,374.0,45.0,64.0,18.0,200.0,159.0,257.0,30.0
Taylor Ward,F,374.0,44.0,65.0,17.0,199.0,161.0,257.0,30.0
Isak Rosen,RW,374.0,45.0,64.0,18.0,199.0,159.0,258.0,30.0
Jack Williams,F,374.0,45.0,65.0,18.0,202.0,160.0,253.0,30.0
Frederic Brunet,D,374.0,45.0,65.0,18.0,201.0,156.0,258.0,30.0
Guillaume Brisebois,D,374.0,45.0,65.0,18.0,200.0,157.0,258.0,30.0
Dylan Duke,LW,374.0,44.0,65.0,18.0,197.0,161.0,258.0,30.0
Colin White,C,374.0,45.0,65.0,18.0,200.0,160.0,255.0,30.0
Ryan Suzuki,C,374.0,45.0,65.0,18.0,200.0,161.0,254.0,30.0
Joakim Kemell,RW,375.0,45.0,65.0,18.0,198.0,160.0,258.0,30.0
Oliver Kylington,D,375.0,45.0,64.0,18.0,201.0,158.0,258.0,30.0
Ville Ottavainen,D,375.0,45.0,64.0,18.0,199.0,160.0,258.0,30.0
Matt Kiersted,D,375.0,45.0,64.0,18.0,199.0,160.0,258.0,30.0
Grigori Denisenko,LW,375.0,45.0,65.0,18.0,197.0,161.0,258.0,30.0
Connor Mackey,D,375.0,45.0,65.0,18.0,198.0,160.0,258.0,30.0
Kirill Kudryavtsev,D,375.0,45.0,65.0,18.0,202.0,156.0,258.0,30.0
Ryan Johnson,D,375.0,45.0,65.0,18.0,201.0,157.0,258.0,30.0
Jani Hakanpää,D,375.0,45.0,65.0,18.0,201.0,157.0,258.0,30.0
Callahan Burke,C,375.0,44.0,65.0,18.0,202.0,158.0,257.0,30.0
Jack Ahcan,D,376.0,45.0,65.0,18.0,199.0,160.0,258.0,30.0
Owen Sillinger,F,376.0,45.0,65.0,18.0,201.0,160.0,256.0,30.0
Bradly Nadeau,LW,376.0,45.0,64.0,18.0,200.0,160.0,258.0,30.0
Mason Morelli,F,376.0,45.0,65.0,18.0,198.0,161.0,258.0,30.0
Jacob Melanson,RW,376.0,45.0,65.0,18.0,198.0,161.0,258.0,30.0
Jack Finley,C,376.0,45.0,65.0,18.0,201.0,161.0,255.0,30.0
Declan Carlile,D,376.0,44.0,65.0,18.0,201.0,159.0,258.0,30.0
Travis Boyd,C,376.0,45.0,65.0,18.0,201.0,158.0,258.0,30.0
Ivan Demidov,RW,376.0,44.0,64.0,18.0,200.0,161.0,258.0,30.0
Alex Nedeljkovic,G,376.0,44.0,63.0,18.0,202.0,161.0,258.0,29.0
Christian Fischer,RW,376.0,45.0,65.0,18.0,198.0,161.0,258.0,30.0
Dustin Wolf,G,376.0,45.0,62.0,18.0,202.0,161.0,258.0,29.0
Pyotr Kochetkov,G,376.0,45.0,62.0,18.0,202.0,161.0,258.0,29.0
Filip Gustavsson,G,376.0,44.0,64.0,17.0,202.0,161.0,258.0,29.0
Zayne Parekh,D,377.0,44.0,65.0,18.0,201.0,160.0,258.0,30.0
Michael Milne,LW,377.0,45.0,65.0,18.0,199.0,161.0,258.0,30.0
Alexander Nylander,LW,377.0,45.0,65.0,18.0,202.0,161.0,255.0,30.0
Dalibor Dvorsky,C,377.0,45.0,65.0,18.0,202.0,161.0,255.0,30.0
Brian Halonen,F,377.0,45.0,65.0,18.0,200.0,160.0,258.0,30.0
Jan Jeník,RW,377.0,45.0,65.0,18.0,200.0,161.0,257.0,30.0
Scott Sabourin,F,377.0,45.0,65.0,18.0,200.0,160.0,258.0,30.0
Steven Santini,D,377.0,45.0,65.0,18.0,201.0,159.0,258.0,30.0
Conor Sheary,LW,377.0,45.0,65.0,18.0,200.0,160.0,258.0,30.0
Ilya Sorokin,G,377.0,44.0,63.0,18.0,202.0,161.0,258.0,30.0
Jake Lucchini,F,377.0,45.0,65.0,18.0,200.0,161.0,257.0,30.0
Matthew Robertson,D,377.0,45.0,65.0,18.0,200.0,160.0,258.0,30.0
Brett Murray,LW,377.0,45.0,65.0,18.0,199.0,161.0,258.0,30.0
Alex Barré-Boulet,F,377.0,45.0,65.0,18.0,199.0,161.0,258.0,30.0
Oskar Olausson,RW,377.0,45.0,65.0,18.0,201.0,159.0,258.0,30.0
Jason Polin,F,377.0,45.0,65.0,18.0,201.0,160.0,257.0,30.0
Ian Moore,D,377.0,45.0,64.0,18.0,201.0,160.0,258.0,30.0
Dennis Cholowski,D,377.0,45.0,65.0,18.0,202.0,158.0,258.0,30.0
Connor Ingram,G,378.0,45.0,63.0,18.0,202.0,161.0,258.0,30.0
Alexandar Georgiev,G,378.0,45.0,64.0,18.0,202.0,161.0,258.0,29.0
Julien Gauthier,RW,378.0,45.0,65.0,18.0,200.0,161.0,258.0,30.0
Adam Ginning,D,378.0,45.0,65.0,18.0,201.0,160.0,258.0,30.0
Chase Bradley,LW,378.0,45.0,65.0,18.0,201.0,160.0,258.0,30.0
Alexandar Georgiev,G,378.0,45.0,64.0,18.0,202.0,161.0,258.0,29.0
Mackenzie Blackwood,G,378.0,45.0,64.0,18.0,202.0,161.0,258.0,29.0
Daniil Misyul,D,378.0,45.0,65.0,18.0,201.0,160.0,258.0,30.0
Andrei Vasilevskiy,G,378.0,45.0,63.0,18.0,202.0,161.0,258.0,30.0
Kevin Lankinen,G,378.0,45.0,64.0,18.0,202.0,161.0,258.0,29.0
Gabriel Perreault,RW,378.0,45.0,65.0,18.0,201.0,160.0,258.0,30.0
Trent Frederic,C,378.0,45.0,65.0,18.0,200.0,161.0,258.0,30.0
Timothy Liljegren,D,378.0,45.0,65.0,18.0,202.0,159.0,258.0,30.0
Joey Daccord,G,378.0,45.0,63.0,18.0,202.0,161.0,258.0,30.0
Spencer Knight,G,378.0,45.0,63.0,18.0,202.0,161.0,258.0,30.0
Spencer Knight,G,378.0,45.0,63.0,18.0,202.0,161.0,258.0,30.0
Mackenzie Blackwood,G,378.0,45.0,64.0,18.0,202.0,161.0,258.0,29.0
Sergei Bobrovsky,G,378.0,45.0,64.0,18.0,202.0,161.0,258.0,29.0
Linus Ullmark,G,378.0,45.0,63.0,18.0,202.0,161.0,258.0,30.0
Juuse Saros,G,378.0,45.0,64.0,18.0,202.0,161.0,258.0,29.0
Daemon Hunt,D,378.0,45.0,65.0,18.0,202.0,159.0,258.0,30.0
Thomas Bordeleau,C,379.0,45.0,65.0,18.0,202.0,161.0,257.0,30.0
Tristan Jarry,G,379.0,45.0,64.0,18.0,202.0,161.0,258.0,30.0
Darcy Kuemper,G,379.0,45.0,64.0,18.0,202.0,161.0,258.0,30.0
Logan Thompson,G,379.0,45.0,64.0,18.0,202.0,161.0,258.0,30.0
Daniil Tarasov,G,379.0,45.0,64.0,18.0,202.0,161.0,258.0,30.0
Vítek Vaněček,G,379.0,45.0,64.0,18.0,202.0,161.0,258.0,30.0
Jonathan Quick,G,379.0,45.0,64.0,18.0,202.0,161.0,258.0,30.0
Jake Oettinger,G,379.0,45.0,64.0,18.0,202.0,161.0,258.0,30.0
Calvin Pickard,G,379.0,45.0,64.0,18.0,202.0,161.0,258.0,30.0
Sam Montembeault,G,379.0,45.0,64.0,18.0,202.0,161.0,258.0,30.0
Elvis Merzļikins,G,379.0,45.0,64.0,18.0,202.0,161.0,258.0,30.0
Yaroslav Askarov,G,379.0,45.0,64.0,18.0,202.0,161.0,258.0,30.0
Frederik Andersen,G,379.0,45.0,64.0,18.0,202.0,161.0,258.0,30.0
Sonny Milano,LW,379.0,45.0,65.0,18.0,201.0,161.0,258.0,30.0
Kyle Capobianco,D,379.0,45.0,65.0,18.0,201.0,161.0,258.0,30.0
Casey DeSmith,G,379.0,45.0,64.0,18.0,202.0,161.0,258.0,30.0
Joel Hofer,G,379.0,45.0,64.0,18.0,202.0,161.0,258.0,30.0
Connor Hellebuyck,G,379.0,45.0,64.0,18.0,202.0,161.0,258.0,30.0
Hunter Brzustewicz,D,379.0,45.0,65.0,18.0,201.0,161.0,258.0,30.0
John Gibson,G,379.0,45.0,64.0,18.0,202.0,161.0,258.0,30.0
Dakota Mermis,D,379.0,45.0,65.0,18.0,202.0,160.0,258.0,30.0
Ukko-Pekka Luukkonen,G,379.0,45.0,64.0,18.0,202.0,161.0,258.0,30.0
Liam Foudy,C,379.0,45.0,65.0,18.0,202.0,160.0,258.0,30.0
Nathan Clurman,D,379.0,45.0,65.0,18.0,201.0,161.0,258.0,30.0
Justin Sourdif,RW,379.0,44.0,65.0,18.0,202.0,161.0,258.0,30.0
Ilya Samsonov,G,379.0,45.0,64.0,18.0,202.0,161.0,258.0,30.0
Ryan Ufko,D,379.0,45.0,65.0,18.0,201.0,161.0,258.0,30.0
Anthony Stolarz,G,379.0,45.0,64.0,18.0,202.0,161.0,258.0,30.0
Daniel Vladař,G,379.0,45.0,64.0,18.0,202.0,161.0,258.0,30.0
Karel Vejmelka,G,379.0,45.0,64.0,18.0,202.0,161.0,258.0,30.0
Jacob Quillan,F,379.0,45.0,65.0,18.0,201.0,161.0,258.0,30.0
Vítek Vaněček,G,379.0,45.0,64.0,18.0,202.0,161.0,258.0,30.0
Devin Kaplan,RW,379.0,45.0,65.0,18.0,201.0,161.0,258.0,30.0
Rafaël Harvey-Pinard,LW,379.0,45.0,65.0,18.0,201.0,161.0,258.0,30.0
Jakub Skarek,G,380.0,45.0,65.0,18.0,202.0,161.0,258.0,30.0
Stuart Skinner,G,380.0,45.0,65.0,18.0,202.0,161.0,258.0,30.0
Arvid Söderblom,G,380.0,45.0,65.0,18.0,202.0,161.0,258.0,30.0
Jaxson Stauber,G,380.0,45.0,65.0,18.0,202.0,161.0,258.0,30.0
Clay Stevenson,G,380.0,45.0,65.0,18.0,202.0,161.0,258.0,30.0
Ales Stezka,G,380.0,45.0,65.0,18.0,202.0,161.0,258.0,30.0
Aydar Suniev,LW,380.0,45.0,65.0,18.0,202.0,161.0,258.0,30.0
Jeremy Swayman,G,380.0,45.0,65.0,18.0,202.0,161.0,258.0,30.0
Dustin Tokarski,G,380.0,45.0,65.0,18.0,202.0,161.0,258.0,30.0
Nikita Tolopilo,G,380.0,45.0,65.0,18.0,202.0,161.0,258.0,30.0
Semyon Varlamov,G,380.0,45.0,65.0,18.0,202.0,161.0,258.0,30.0
Matt Villalta,G,380.0,45.0,65.0,18.0,202.0,161.0,258.0,30.0
Jesper Wallstedt,G,380.0,45.0,65.0,18.0,202.0,161.0,258.0,30.0
Scott Wedgewood,G,380.0,45.0,65.0,18.0,202.0,161.0,258.0,30.0
Scott Wedgewood,G,380.0,45.0,65.0,18.0,202.0,161.0,258.0,30.0
Scott Wedgewood,G,380.0,45.0,65.0,18.0,202.0,161.0,258.0,30.0
Joseph Woll,G,380.0,45.0,65.0,18.0,202.0,161.0,258.0,30.0
Carter Mazur,LW,380.0,45.0,65.0,18.0,202.0,161.0,258.0,30.0
Ville Husso,G,380.0,45.0,65.0,18.0,202.0,161.0,258.0,30.0
Quinn Hutson,F,380.0,45.0,65.0,18.0,202.0,161.0,258.0,30.0
Jonas Johansson,G,380.0,45.0,65.0,18.0,202.0,161.0,258.0,30.0
Kaapo Kähkönen,G,380.0,45.0,65.0,18.0,202.0,161.0,258.0,30.0
Niklas Kokko,G,380.0,45.0,65.0,18.0,202.0,161.0,258.0,30.0
Aleksei Kolosov,G,380.0,45.0,65.0,18.0,202.0,161.0,258.0,30.0
Joonas Korpisalo,G,380.0,45.0,65.0,18.0,202.0,161.0,258.0,30.0
Philipp Grubauer,G,380.0,45.0,65.0,18.0,202.0,161.0,258.0,30.0
Brandon Halverson,G,380.0,45.0,65.0,18.0,202.0,161.0,258.0,30.0
Dennis Hildeby,G,380.0,45.0,65.0,18.0,202.0,161.0,258.0,30.0
Adin Hill,G,380.0,45.0,65.0,18.0,202.0,161.0,258.0,30.0
Marcus Högberg,G,380.0,45.0,65.0,18.0,202.0,161.0,258.0,30.0
Ville Husso,G,380.0,45.0,65.0,18.0,202.0,161.0,258.0,30.0
Tristan Lennox,G,380.0,45.0,65.0,18.0,202.0,161.0,258.0,30.0
Devon Levi,G,380.0,45.0,65.0,18.0,202.0,161.0,258.0,30.0
Charlie Lindgren,G,380.0,45.0,65.0,18.0,202.0,161.0,258.0,30.0
Alex Lyon,G,380.0,45.0,65.0,18.0,202.0,161.0,258.0,30.0
Jacob Markström,G,380.0,45.0,65.0,18.0,202.0,161.0,258.0,30.0
Spencer Martin,G,380.0,45.0,65.0,18.0,202.0,161.0,258.0,30.0
Ville Husso,G,380.0,45.0,65.0,18.0,202.0,161.0,258.0,30.0
Samuel Ersson,G,380.0,45.0,65.0,18.0,202.0,161.0,258.0,30.0
Ivan Fedotov,G,380.0,45.0,65.0,18.0,202.0,161.0,258.0,30.0
Marc-André Fleury,G,380.0,45.0,65.0,18.0,202.0,161.0,258.0,30.0
Anton Forsberg,G,380.0,45.0,65.0,18.0,202.0,161.0,258.0,30.0
James Reimer,G,380.0,45.0,65.0,18.0,202.0,161.0,258.0,30.0
Leevi Merilainen,G,380.0,45.0,65.0,18.0,202.0,161.0,258.0,30.0
Trent Miner,G,380.0,45.0,65.0,18.0,202.0,161.0,258.0,30.0
Petr Mrázek,G,380.0,45.0,65.0,18.0,202.0,161.0,258.0,30.0
Petr Mrázek,G,380.0,45.0,65.0,18.0,202.0,161.0,258.0,30.0
Petr Mrázek,G,380.0,45.0,65.0,18.0,202.0,161.0,258.0,30.0
Matt Murray,G,380.0,45.0,65.0,18.0,202.0,161.0,258.0,30.0
Jet Greaves,G,380.0,45.0,65.0,18.0,202.0,161.0,258.0,30.0
Eric Comrie,G,380.0,45.0,65.0,18.0,202.0,161.0,258.0,30.0
Pheonix Copley,G,380.0,45.0,65.0,18.0,202.0,161.0,258.0,30.0
Sebastian Cossa,G,380.0,45.0,65.0,18.0,202.0,161.0,258.0,30.0
Cameron Crotty,D,380.0,45.0,65.0,18.0,202.0,161.0,258.0,30.0
Nico Daws,G,380.0,45.0,65.0,18.0,202.0,161.0,258.0,30.0
Thatcher Demko,G,380.0,45.0,65.0,18.0,202.0,161.0,258.0,30.0
Jakub Dobes,G,380.0,45.0,65.0,18.0,202.0,161.0,258.0,30.0
Louis Domingue,G,380.0,45.0,65.0,18.0,202.0,161.0,258.0,30.0
Lukáš Dostál,G,380.0,45.0,65.0,18.0,202.0,161.0,258.0,30.0
Jordan Binnington,G,380.0,45.0,65.0,18.0,202.0,161.0,258.0,30.0
Joel Blomqvist,G,380.0,45.0,65.0,18.0,202.0,161.0,258.0,30.0
Samuel Bolduc,D,380.0,45.0,65.0,18.0,202.0,161.0,258.0,30.0
Arturs Silovs,G,380.0,45.0,65.0,18.0,202.0,161.0,258.0,30.0
Victor Ostman,G,380.0,45.0,65.0,18.0,202.0,161.0,258.0,30.0
Yaniv Perets,G,380.0,45.0,65.0,18.0,202.0,161.0,258.0,30.0
Erik Portillo,G,380.0,45.0,65.0,18.0,202.0,161.0,258.0,30.0
Cayden Primeau,G,380.0,45.0,65.0,18.0,202.0,161.0,258.0,30.0
James Reimer,G,380.0,45.0,65.0,18.0,202.0,161.0,258.0,30.0
James Reimer,G,380.0,45.0,65.0,18.0,202.0,161.0,258.0,30.0
Drew Commesso,G,380.0,45.0,65.0,18.0,202.0,161.0,258.0,30.0
Jake Allen,G,380.0,45.0,65.0,18.0,202.0,161.0,258.0,30.0
Justus Annunen,G,380.0,45.0,65.0,18.0,202.0,161.0,258.0,30.0
Justus Annunen,G,380.0,45.0,65.0,18.0,202.0,161.0,258.0,30.0
Justus Annunen,G,380.0,45.0,65.0,18.0,202.0,161.0,258.0,30.0
Vítek Vaněček,G,380.0,45.0,65.0,18.0,202.0,161.0,258.0,30.0
Alexandar Georgiev,G,380.0,45.0,65.0,18.0,202.0,161.0,258.0,30.0
Mackenzie Blackwood,G,380.0,45.0,65.0,18.0,202.0,161.0,258.0,30.0
Mads Søgaard,G,380.0,45.0,65.0,18.0,202.0,161.0,258.0,30.0
Cam Talbot,G,380.0,45.0,65.0,18.0,202.0,161.0,258.0,30.0
David Rittich,G,380.0,45.0,65.0,18.0,202.0,161.0,258.0,30.0
Olivier Rodrigue,G,380.0,45.0,65.0,18.0,202.0,161.0,258.0,30.0
Georgi Romanov,G,380.0,45.0,65.0,18.0,202.0,161.0,258.0,30.0
Akira Schmid,G,380.0,45.0,65.0,18.0,202.0,161.0,258.0,30.0
Donovan Sebrango,D,380.0,45.0,65.0,18.0,202.0,161.0,258.0,30.0
Hunter Shepard,G,380.0,45.0,65.0,18.0,202.0,161.0,258.0,30.0
Igor Shesterkin,G,380.0,45.0,65.0,18.0,202.0,161.0,258.0,30.0
Spencer Knight,G,380.0,45.0,65.0,18.0,202.0,161.0,258.0,30.0
