season,name,age,team,games_played,games_started,wins,losses,ties,overtime_losses,saves,shots_against,save_percentage,goals_against_average,goals_against,shutouts,minutes
2023,Connor Hellebuyck,29,WPG,64,64,37,25,2,2,1807,1964,0.92,2.49,157,4,3777.97
2023,Juuse Saros,27,NSH,64,63,33,23,7,7,1928,2099,0.919,2.69,171,2,3809.98
2023,Alexandar Georgiev,26,COL,62,62,40,16,6,6,1748,1904,0.918,2.53,156,5,3700.33
2023,Jake Oettinger,24,DAL,62,61,37,11,11,11,1632,1776,0.919,2.37,144,5,3644.88
2023,Ilya Sorokin,27,NYI,62,60,31,22,7,7,1698,1838,0.924,2.34,140,6,3587.07
2023,Jordan Binnington,29,STL,61,60,27,27,6,6,1632,1826,0.894,3.31,194,2,3516.05
2023,Andrei Vasilevskiy,28,TBL,60,60,34,22,4,4,1716,1875,0.915,2.65,159,4,3596.42
2023,Jacob Markström,33,CGY,59,58,23,21,12,12,1376,1542,0.892,2.92,166,1,3410.83
2023,Igor Shesterkin,27,NYR,58,58,37,13,8,8,1575,1719,0.916,2.48,144,3,3488.77
2023,Darcy Kuemper,32,WSH,57,56,22,26,7,7,1520,1674,0.908,2.87,154,5,3223.78
2023,Ville Husso,27,DET,56,56,26,22,7,7,1436,1603,0.896,3.11,167,4,3220.23
2023,Carter Hart,24,PHI,55,54,22,23,10,10,1510,1665,0.907,2.94,155,2,3163.77
2023,John Gibson,29,ANA,53,52,14,31,8,8,1783,1983,0.899,3.99,200,1,3004.92
2023,Vítek Vaněček,27,NJD,52,48,33,11,4,4,1214,1333,0.911,2.45,119,3,2915.57
2023,Sergei Bobrovsky,34,FLA,50,49,24,20,3,3,1321,1466,0.901,3.07,145,1,2834.37
2023,Stuart Skinner,24,EDM,50,48,29,14,5,5,1403,1536,0.913,2.75,133,1,2903.08
2023,Karel Vejmelka,26,ARI,50,49,18,24,6,6,1502,1670,0.899,3.43,168,3,2940.83
2023,Linus Ullmark,29,BOS,49,48,40,6,1,1,1366,1457,0.938,1.89,91,2,2882.2
2023,Martin Jones,33,SEA,48,42,27,13,3,3,1014,1145,0.886,2.99,131,3,2625.65
2023,Tristan Jarry,27,PIT,47,47,24,13,7,7,1286,1414,0.909,2.9,128,2,2650.03
2023,Marc-André Fleury,38,MIN,46,45,24,16,4,4,1241,1367,0.908,2.85,126,2,2654.28
2023,James Reimer,34,SJS,43,41,12,21,8,8,1188,1335,0.89,3.48,147,3,2538.0
2023,Jake Allen,32,MTL,42,41,15,24,3,3,1190,1335,0.891,3.55,145,1,2450.42
2023,Ilya Samsonov,25,TOR,42,40,27,10,5,5,1088,1184,0.919,2.33,96,4,2475.6
2023,Jonathan Quick,37,2TM,41,36,16,15,6,6,953,1080,0.882,3.41,127,2,2234.75
2023,Sam Montembeault,26,MTL,40,39,16,19,3,3,1212,1345,0.901,3.42,133,0,2333.85
2023,Philipp Grubauer,31,SEA,39,36,17,14,4,4,832,930,0.895,2.85,98,0,2065.62
2023,Filip Gustavsson,24,MIN,39,37,22,9,7,7,1092,1173,0.931,2.1,81,3,2310.93
2023,Petr Mrázek,30,CHI,39,38,10,22,3,3,1116,1248,0.894,3.66,132,0,2165.17
2023,Joonas Korpisalo,28,2TM,39,37,18,14,4,4,1102,1206,0.914,2.87,104,1,2171.95
2023,Casey DeSmith,31,PIT,38,33,15,16,4,4,1033,1142,0.905,3.17,109,0,2065.95
2023,Pheonix Copley,31,LAK,37,35,24,6,3,3,855,947,0.903,2.64,92,1,2089.48
2023,Kaapo Kähkönen,26,SJS,37,37,9,20,7,7,1014,1149,0.883,3.85,135,1,2106.25
2023,Jeremy Swayman,24,BOS,37,33,24,6,4,4,877,953,0.92,2.27,76,4,2012.98
2023,Logan Thompson,25,VEG,37,36,21,13,3,3,1036,1132,0.915,2.65,96,2,2171.37
2023,Jack Campbell,31,EDM,36,34,21,9,4,4,912,1027,0.888,3.41,115,1,2026.38
2023,Cam Talbot,35,OTT,36,32,17,14,2,2,840,935,0.898,2.93,95,1,1947.0
2023,Frederik Andersen,33,CAR,34,33,21,11,1,1,767,849,0.903,2.48,82,1,1984.35
2023,Ukko-Pekka Luukkonen,23,BUF,33,32,17,11,4,4,939,1054,0.891,3.61,115,0,1910.22
2023,Thatcher Demko,27,VAN,32,32,14,14,4,4,906,1005,0.901,3.16,99,1,1878.52
2023,Charlie Lindgren,29,WSH,31,26,13,11,3,3,767,853,0.899,3.05,86,0,1692.07
2023,Elvis Merzļikins,28,CBJ,30,27,7,18,2,2,779,889,0.876,4.23,110,0,1560.2
2023,Spencer Martin,27,VAN,29,27,11,15,1,1,723,830,0.871,3.99,107,0,1610.18
2023,Anton Forsberg,30,OTT,28,25,11,11,2,2,737,817,0.902,3.26,80,2,1471.72
2023,Adin Hill,26,VEG,27,25,16,7,1,1,660,721,0.915,2.45,61,0,1490.9
2023,Connor Ingram,25,ARI,27,26,6,13,8,8,871,960,0.907,3.37,89,1,1586.67
2023,Antti Raanta,33,CAR,27,26,19,3,3,3,586,644,0.91,2.23,58,4,1561.22
2023,Alex Stalock,35,CHI,27,24,9,15,2,2,730,804,0.908,3.01,74,2,1475.33
2023,Daniel Vladař,25,CGY,27,23,14,6,5,5,596,667,0.894,2.87,71,0,1483.92
2023,Craig Anderson,41,BUF,26,24,11,11,2,2,747,823,0.908,3.06,76,1,1490.03
2023,Matt Murray,28,TOR,26,26,14,8,2,2,687,761,0.903,3.01,74,1,1473.17
2023,Matt Murray,24,DAL,3,3,1,2,0,0,54,64,0.844,3.39,10,0,177.03
2023,Jaroslav Halák,37,NYR,25,24,10,9,5,5,614,680,0.903,2.72,66,1,1453.93
2023,Pyotr Kochetkov,23,CAR,24,23,12,7,5,5,570,627,0.909,2.44,57,4,1403.93
2023,Semyon Varlamov,34,NYI,23,22,11,9,2,2,629,689,0.913,2.7,60,2,1334.73
2023,Mackenzie Blackwood,26,NJD,22,20,10,6,2,2,503,563,0.893,3.2,60,0,1125.55
2023,Brian Elliott,37,TBL,22,22,12,8,2,2,614,689,0.891,3.4,75,2,1324.73
2023,Thomas Greiss,37,STL,21,16,7,10,0,0,561,626,0.896,3.58,65,1,1089.35
2023,Spencer Knight,21,FLA,21,19,9,8,3,3,565,627,0.901,3.18,62,1,1168.75
2023,David Rittich,30,WPG,21,18,9,8,1,1,456,506,0.901,2.67,50,0,1121.68
2023,Scott Wedgewood,30,DAL,21,18,9,8,3,3,552,603,0.915,2.72,51,1,1126.77
2023,Collin Delia,28,VAN,20,18,10,6,2,2,464,526,0.882,3.28,62,0,1135.67
2023,Felix Sandström,26,PHI,20,18,3,12,3,3,506,575,0.88,3.72,69,0,1112.85
2023,Eric Comrie,27,BUF,19,19,9,9,1,1,526,594,0.886,3.67,68,1,1111.98
2023,Lukáš Dostál,22,ANA,19,17,4,10,3,3,612,679,0.901,3.78,67,0,1062.72
2023,Kevin Lankinen,27,NSH,19,18,9,8,1,1,534,583,0.916,2.75,49,0,1069.17
2023,Anthony Stolarz,29,ANA,19,12,5,6,0,0,443,494,0.897,3.73,51,0,820.05
2023,Mads Søgaard,22,OTT,19,17,8,6,3,3,466,524,0.889,3.32,58,0,1047.5
2023,Akira Schmid,22,NJD,18,14,9,5,2,2,376,408,0.922,2.13,32,1,901.35
2023,Magnus Hellberg,31,2TM,18,14,5,8,1,1,397,447,0.888,3.2,50,0,936.35
2023,Daniil Tarasov,23,CBJ,17,16,4,11,1,1,471,528,0.892,3.91,57,0,874.13
2023,Pavel Francouz,32,COL,16,16,8,7,1,1,451,493,0.915,2.61,42,1,964.53
2023,Michael Hutchinson,32,CBJ,16,10,2,6,3,3,378,432,0.875,4.29,54,0,755.45
2023,Alex Lyon,30,FLA,15,14,9,4,2,2,445,488,0.912,2.89,43,1,893.18
2023,Alex Nedeljkovic,27,DET,15,13,5,7,2,2,417,466,0.895,3.53,49,0,832.63
2023,Arvid Söderblom,23,CHI,15,13,2,10,2,2,405,453,0.894,3.45,48,0,835.23
2023,Samuel Ersson,23,PHI,12,10,6,3,0,0,294,327,0.899,3.07,33,1,644.92
2023,Laurent Brossoit,29,VEG,11,10,7,0,3,3,294,317,0.927,2.17,23,0,636.03
2023,Erik Källgren,26,TOR,10,9,3,2,4,4,221,246,0.898,2.67,25,0,561.67
2023,Calvin Petersen,28,LAK,10,9,5,3,2,2,223,257,0.868,3.75,34,0,543.47
2023,Devon Levi,21,BUF,7,7,5,2,0,0,201,222,0.905,2.94,21,0,429.02
2023,Ivan Prosvetov,23,ARI,7,7,4,3,0,0,206,234,0.88,3.98,28,0,422.03
2023,Joseph Woll,24,TOR,7,7,6,1,0,0,204,219,0.932,2.16,15,0,416.43
2023,Joel Hofer,22,STL,6,6,3,1,1,1,162,179,0.905,3.22,17,0,317.2
2023,Jaxson Stauber,23,CHI,6,6,5,1,0,0,174,191,0.911,2.81,17,0,363.5
2023,Joey Daccord,26,SEA,5,4,2,1,1,1,117,130,0.9,3.14,13,0,248.13
2023,Arturs Silovs,21,VAN,5,5,3,2,0,0,138,152,0.908,2.75,14,0,305.93
2023,Aaron Dell,33,SJS,4,3,0,3,0,0,94,103,0.913,2.71,9,0,199.28
2023,Dustin Tokarski,33,PIT,4,2,1,2,0,0,105,117,0.897,3.44,12,0,209.4
2023,Jon Gillies,29,CBJ,3,2,1,1,0,0,57,66,0.864,4.57,9,0,118.15
2023,Jonas Johansson,27,COL,3,2,2,0,0,0,68,73,0.932,2.1,5,0,142.95
2023,Kevin Mandolese,22,OTT,3,3,1,2,0,0,109,119,0.916,3.29,10,0,182.2
2023,Cayden Primeau,23,MTL,3,2,0,2,0,0,46,54,0.852,3.46,8,0,138.58
2023,Justus Annunen,22,COL,2,2,1,1,0,0,41,48,0.854,3.58,7,0,117.33
2023,Dylan Ferguson,24,OTT,2,2,1,1,0,0,78,83,0.94,2.52,5,0,118.87
2023,Eetu Mäkiniemi,23,SJS,2,1,1,0,1,1,29,32,0.906,2.13,3,0,84.33
2023,Leevi Merilainen,20,OTT,2,2,0,1,1,1,43,49,0.878,4.23,6,0,85.08
2023,Jiří Patera,23,VEG,2,2,2,0,0,0,65,70,0.929,2.5,5,0,120.0
2023,Keith Kinkaid,33,2TM,2,1,1,0,0,0,38,40,0.95,1.37,2,0,87.85
2023,Jett Alexander,23,TOR,1,0,0,0,0,0,0,0,0.0,0.0,0,0,1.17
2023,Yaroslav Askarov,20,NSH,1,1,0,1,0,0,31,35,0.886,4.15,4,0,57.83
2023,Matthew Berlin,0,EDM,1,0,0,0,0,0,1,1,1.0,0.0,0,0,2.43
2023,Olle Eriksson Ek,23,ANA,1,1,0,0,1,1,34,39,0.872,4.69,5,0,63.98
2023,Jet Greaves,21,CBJ,1,1,0,1,0,0,46,49,0.939,3.05,3,0,58.95
2023,Anton Khudobin,36,CHI,1,1,0,1,0,0,22,28,0.786,6.0,6,0,60.0
2023,Dylan Wells,25,CHI,1,0,0,0,0,0,12,13,0.923,3.0,1,0,20.0
2023,Dustin Wolf,21,CGY,1,1,1,0,0,0,23,24,0.958,1.0,1,0,59.9
2024,Juuse Saros,28,NSH,64,64,35,24,5,5,1672,1845,0.906,2.86,173,3,3624.63
2024,Alexandar Georgiev,27,COL,63,62,38,18,5,5,1587,1770,0.897,3.02,183,2,3637.95
2024,Connor Hellebuyck,30,WPG,60,60,37,19,4,4,1656,1798,0.921,2.39,142,5,3567.33
2024,Stuart Skinner,25,EDM,59,57,36,16,5,5,1406,1553,0.905,2.62,147,2,3361.35
2024,Sergei Bobrovsky,35,FLA,58,58,36,17,4,4,1449,1584,0.915,2.37,135,6,3414.23
2024,Jordan Binnington,30,STL,57,55,28,21,5,5,1630,1786,0.913,2.84,156,3,3291.48
2024,Petr Mrázek,31,CHI,56,53,18,31,4,4,1564,1724,0.907,3.05,160,1,3152.67
2024,Ilya Sorokin,28,NYI,56,55,25,19,12,12,1655,1822,0.908,3.01,167,2,3325.98
2024,Joonas Korpisalo,29,OTT,55,49,21,26,4,4,1355,1523,0.89,3.27,168,0,3080.47
2024,Igor Shesterkin,28,NYR,55,55,36,17,2,2,1465,1606,0.912,2.58,141,4,3277.1
2024,Ukko-Pekka Luukkonen,24,BUF,54,51,27,22,4,4,1338,1470,0.91,2.57,132,5,3081.23
2024,Jake Oettinger,25,DAL,54,53,35,14,4,4,1336,1476,0.905,2.72,140,3,3084.58
2024,Cam Talbot,36,LAK,54,52,27,20,6,6,1360,1490,0.913,2.5,130,3,3116.12
2024,Andrei Vasilevskiy,29,TBL,52,52,30,20,2,2,1329,1477,0.9,2.9,148,2,3062.87
2024,Thatcher Demko,28,VAN,51,51,35,14,2,2,1369,1492,0.918,2.45,123,5,3015.88
2024,Samuel Ersson,24,PHI,51,49,23,19,7,7,1072,1204,0.89,2.82,132,4,2809.47
2024,Tristan Jarry,28,PIT,51,48,19,25,5,5,1236,1369,0.903,2.91,133,6,2740.63
2024,Joey Daccord,27,SEA,50,46,19,18,11,11,1258,1374,0.916,2.46,116,3,2832.78
2024,Connor Ingram,26,ARI,50,48,23,21,3,3,1325,1461,0.907,2.91,136,6,2802.93
2024,Charlie Lindgren,30,WSH,50,48,25,16,7,7,1304,1431,0.911,2.67,127,6,2852.38
2024,Jacob Markström,34,CGY,48,48,23,23,2,2,1248,1379,0.905,2.78,131,2,2831.12
2024,John Gibson,30,ANA,46,44,13,27,2,2,1192,1343,0.888,3.54,151,0,2561.48
2024,Logan Thompson,26,VEG,46,42,25,14,5,5,1179,1298,0.908,2.7,119,1,2645.47
2024,Filip Gustavsson,25,MIN,45,43,20,18,4,4,1154,1283,0.899,3.06,129,3,2526.55
2024,Mackenzie Blackwood,27,SJS,44,41,10,25,4,4,1243,1383,0.899,3.45,140,2,2437.13
2024,Lukáš Dostál,23,ANA,44,38,14,23,3,3,1181,1310,0.902,3.33,129,1,2322.82
2024,Alex Lyon,31,DET,44,43,21,18,5,5,1198,1325,0.904,3.05,127,2,2498.85
2024,Jeremy Swayman,25,BOS,44,43,25,10,8,8,1179,1287,0.916,2.53,108,3,2565.85
2024,Pyotr Kochetkov,24,CAR,42,40,23,13,4,4,939,1031,0.911,2.33,92,4,2371.48
2024,Elvis Merzļikins,29,CBJ,41,40,13,17,8,8,1136,1266,0.897,3.45,130,1,2258.67
2024,Sam Montembeault,27,MTL,41,40,16,15,9,9,1180,1307,0.903,3.14,127,0,2428.77
2024,Marc-André Fleury,39,MIN,40,36,17,15,5,5,945,1056,0.895,2.98,111,2,2232.67
2024,Ilya Samsonov,26,TOR,40,40,23,7,8,8,967,1087,0.89,3.13,120,3,2300.97
2024,Linus Ullmark,30,BOS,40,39,22,10,7,7,1104,1207,0.915,2.57,103,2,2400.13
2024,Alex Nedeljkovic,28,PIT,38,33,18,7,7,7,937,1039,0.902,2.97,102,1,2060.47
2024,Karel Vejmelka,27,ARI,38,33,13,19,2,2,975,1089,0.895,3.35,114,1,2040.13
2024,Kaapo Kähkönen,27,2TM,37,33,7,24,3,3,1023,1139,0.898,3.64,116,1,1914.22
2024,Philipp Grubauer,32,SEA,36,34,14,16,2,2,846,941,0.899,2.85,95,2,1996.6
2024,Adin Hill,27,VEG,35,35,19,12,2,2,890,979,0.909,2.71,89,2,1968.82
2024,Jake Allen,33,2TM,34,33,12,18,4,4,973,1087,0.895,3.44,114,0,1986.88
2024,Darcy Kuemper,33,WSH,33,30,13,14,3,3,837,940,0.89,3.31,103,1,1866.53
2024,Arvid Söderblom,24,CHI,32,29,5,22,2,2,828,942,0.879,3.92,114,0,1744.33
2024,Vítek Vaněček,28,NJD,32,29,17,9,3,3,767,862,0.89,3.18,95,0,1791.82
2024,Scott Wedgewood,31,DAL,32,28,16,7,5,5,759,844,0.899,2.85,85,0,1789.13
2024,Anton Forsberg,31,OTT,30,28,15,12,0,0,681,765,0.89,3.21,84,2,1569.75
2024,Joel Hofer,23,STL,30,27,15,12,1,1,758,830,0.913,2.65,72,1,1628.65
2024,Casey DeSmith,32,VAN,29,27,12,9,6,6,679,759,0.895,2.89,80,1,1663.48
2024,Semyon Varlamov,35,NYI,28,27,14,8,4,4,768,837,0.918,2.6,69,3,1594.73
2024,Jonathan Quick,38,NYR,27,26,18,6,2,2,702,771,0.911,2.62,69,2,1582.73
2024,Anthony Stolarz,30,FLA,27,24,16,7,2,2,633,684,0.925,2.03,51,2,1506.45
2024,Carter Hart,25,PHI,26,25,12,9,3,3,659,727,0.906,2.8,68,1,1455.18
2024,Jonas Johansson,28,TBL,26,24,12,7,5,5,669,752,0.89,3.37,83,2,1477.48
2024,James Reimer,35,DET,25,20,11,8,2,2,657,727,0.904,3.11,70,2,1352.4
2024,Joseph Woll,25,TOR,25,23,12,11,1,1,700,772,0.907,2.94,72,0,1471.65
2024,Kevin Lankinen,28,NSH,24,17,11,6,0,0,554,610,0.908,2.82,56,1,1191.42
2024,Antti Raanta,34,CAR,24,20,12,7,2,2,430,493,0.872,2.99,63,1,1265.18
2024,David Rittich,31,LAK,24,22,13,6,3,3,572,621,0.921,2.15,49,3,1364.52
2024,Daniil Tarasov,24,CBJ,24,23,8,11,3,3,723,796,0.908,3.18,73,0,1376.47
2024,Laurent Brossoit,30,WPG,23,22,15,5,2,2,575,620,0.927,2.0,45,3,1351.03
2024,Devon Levi,22,BUF,23,21,10,8,2,2,599,666,0.899,3.1,67,0,1294.9
2024,Calvin Pickard,31,EDM,23,20,12,7,1,1,528,581,0.909,2.45,53,1,1296.35
2024,Cayden Primeau,24,MTL,23,21,8,9,4,4,665,731,0.91,2.99,66,2,1324.83
2024,Martin Jones,34,TOR,22,19,11,8,1,1,518,574,0.902,2.87,56,2,1169.67
2024,Nico Daws,23,NJD,21,20,9,11,0,0,508,568,0.894,3.15,60,0,1144.05
2024,Daniel Vladař,26,CGY,20,19,8,9,2,2,506,574,0.882,3.62,68,0,1128.52
2024,Ville Husso,28,DET,19,18,9,5,2,2,496,556,0.892,3.55,60,0,1012.92
2024,Akira Schmid,23,NJD,19,15,5,9,1,1,409,457,0.895,3.15,48,0,914.15
2024,Spencer Martin,28,2TM,19,16,7,9,2,2,474,533,0.889,3.3,59,0,1072.22
2024,Dustin Wolf,22,CGY,17,15,7,7,1,1,417,467,0.893,3.16,50,0,950.5
2024,Frederik Andersen,34,CAR,16,16,13,2,0,0,382,410,0.932,1.84,28,3,912.88
2024,Justus Annunen,23,COL,14,12,8,4,1,1,384,414,0.928,2.25,30,2,801.08
2024,Ivan Prosvetov,24,COL,11,8,4,3,1,1,222,248,0.895,3.16,26,0,494.18
2024,Eric Comrie,28,BUF,10,10,2,7,0,0,222,254,0.874,3.69,32,0,519.9
2024,Magnus Chrona,23,SJS,9,8,1,6,1,1,225,262,0.859,4.71,37,0,471.25
2024,Jet Greaves,22,CBJ,9,8,3,6,0,0,297,327,0.908,3.49,30,0,515.87
2024,Pheonix Copley,32,LAK,8,8,4,1,2,2,154,177,0.87,3.16,23,1,436.28
2024,Devin Cooley,26,SJS,6,6,2,3,1,1,167,192,0.87,4.98,25,0,301.48
2024,Jiří Patera,24,VEG,6,5,1,3,1,1,175,196,0.893,3.98,21,0,316.77
2024,Mads Søgaard,23,OTT,6,5,1,3,0,0,116,135,0.859,4.05,19,0,281.57
2024,Matt Tomkins,29,TBL,6,6,3,2,1,1,165,185,0.892,3.33,20,0,360.22
2024,Jack Campbell,32,EDM,5,5,1,4,0,0,137,157,0.873,4.5,20,0,266.78
2024,Calvin Petersen,29,PHI,5,4,2,2,0,0,114,132,0.864,3.9,18,0,276.92
2024,Felix Sandström,27,PHI,5,3,1,2,0,0,79,96,0.823,3.87,17,0,263.48
2024,Hunter Shepard,28,WSH,4,4,2,1,1,1,110,123,0.894,3.19,13,0,244.83
2024,Arturs Silovs,22,VAN,4,4,3,0,1,1,74,84,0.881,2.47,10,0,243.22
2024,Ivan Fedotov,27,PHI,3,1,0,1,1,1,43,53,0.811,4.95,10,0,121.15
2024,Magnus Hellberg,32,PIT,3,1,1,0,0,0,59,64,0.922,2.5,5,0,119.88
2024,Jesper Wallstedt,21,MIN,3,3,2,1,0,0,78,87,0.897,3.01,9,1,179.28
2024,Yaroslav Askarov,21,NSH,2,1,1,0,0,0,33,35,0.943,1.47,2,0,81.67
2024,Chris Driedger,29,SEA,2,2,1,1,0,0,55,60,0.917,2.51,5,0,119.58
2024,Georgi Romanov,24,SJS,2,0,0,0,0,0,29,30,0.967,1.01,1,0,59.25
2024,Matt Villalta,24,ARI,2,1,0,1,0,0,24,29,0.828,4.17,5,0,71.97
2024,Kenneth Appleby,28,NYI,1,0,0,0,0,0,6,8,0.75,6.0,2,0,20.0
2024,Louis Domingue,31,NYR,1,1,1,0,0,0,25,26,0.962,1.0,1,0,60.0
2024,Michael Hutchinson,33,DET,1,1,0,1,0,0,33,36,0.917,3.11,3,0,57.8
2024,Matt Murray,25,DAL,1,1,1,0,0,0,23,23,1.0,0.0,0,1,60.0
2024,Yaniv Perets,23,CAR,1,0,0,0,0,0,1,1,1.0,0.0,0,0,12.77
2024,Malcolm Subban,30,CBJ,1,1,0,1,0,0,32,35,0.914,3.0,3,0,60.0
2025,Connor Hellebuyck,31,WPG,63,62,47,12,3,3,1539,1664,0.925,2.0,125,8,3741.37
2025,Andrei Vasilevskiy,30,TBL,63,63,38,20,5,5,1580,1716,0.921,2.18,136,6,3743.08
2025,Sam Montembeault,28,MTL,62,60,31,24,7,7,1513,1679,0.901,2.82,166,4,3533.98
2025,Igor Shesterkin,29,NYR,61,61,27,29,5,5,1584,1751,0.905,2.86,167,6,3505.13
2025,Ilya Sorokin,29,NYI,61,60,30,24,6,6,1537,1695,0.907,2.71,158,4,3498.85
2025,Filip Gustavsson,26,MIN,58,58,31,19,6,6,1546,1692,0.914,2.56,146,5,3423.58
2025,Jake Oettinger,26,DAL,58,58,36,18,4,4,1464,1611,0.909,2.59,147,2,3410.07
2025,Juuse Saros,29,NSH,58,58,20,31,6,6,1425,1592,0.895,2.98,167,4,3357.82
2025,Jeremy Swayman,26,BOS,58,58,22,29,7,7,1456,1632,0.892,3.11,176,4,3390.58
2025,Karel Vejmelka,28,UTA,58,55,26,22,8,8,1362,1507,0.904,2.58,145,1,3368.33
2025,Joey Daccord,28,SEA,57,55,27,23,5,5,1448,1599,0.906,2.75,151,2,3295.25
2025,Jordan Binnington,31,STL,56,54,28,22,5,5,1312,1457,0.9,2.69,145,3,3238.98
2025,Mackenzie Blackwood,28,2TM,56,53,28,21,6,6,1412,1549,0.912,2.55,137,4,3223.63
2025,Ukko-Pekka Luukkonen,25,BUF,55,55,24,24,5,5,1320,1489,0.887,3.2,169,2,3172.22
2025,Sergei Bobrovsky,36,FLA,54,54,33,19,2,2,1245,1375,0.905,2.44,130,5,3199.98
2025,Lukáš Dostál,24,ANA,54,49,23,23,7,7,1467,1625,0.903,3.1,158,1,3057.65
2025,Elvis Merzļikins,30,CBJ,53,52,26,21,5,5,1389,1557,0.892,3.18,168,1,3170.92
2025,Dustin Wolf,23,CGY,53,53,29,16,8,8,1409,1549,0.91,2.64,140,3,3182.37
2025,Kevin Lankinen,29,VAN,51,49,25,15,10,10,1213,1345,0.902,2.62,132,4,3019.78
2025,Stuart Skinner,26,EDM,51,50,26,18,4,4,1187,1325,0.896,2.81,138,3,2942.45
2025,Adin Hill,28,VEG,50,50,32,13,5,5,1172,1293,0.906,2.47,121,4,2940.22
2025,Darcy Kuemper,34,LAK,50,50,31,11,7,7,1166,1266,0.921,2.02,100,5,2973.65
2025,Jacob Markström,35,NJD,49,49,26,16,6,6,1092,1213,0.9,2.5,121,4,2903.02
2025,Alexandar Georgiev,28,2TM,49,47,15,26,4,4,1152,1317,0.875,3.71,165,0,2671.8
2025,Samuel Ersson,25,PHI,47,45,22,17,5,5,1026,1162,0.883,3.14,136,2,2601.78
2025,Pyotr Kochetkov,25,CAR,47,47,27,16,3,3,1051,1172,0.897,2.6,121,2,2790.7
2025,Cam Talbot,37,DET,47,43,21,19,5,5,1166,1295,0.9,2.93,129,2,2642.17
2025,Linus Ullmark,31,OTT,44,43,25,14,3,3,1117,1229,0.909,2.72,112,4,2467.28
2025,Logan Thompson,27,WSH,43,42,31,6,6,6,1067,1172,0.91,2.49,105,2,2535.15
2025,Joseph Woll,26,TOR,42,41,27,14,1,1,1105,1216,0.909,2.73,111,1,2442.33
2025,Charlie Lindgren,31,WSH,39,38,20,14,3,3,881,985,0.894,2.73,104,1,2287.0
2025,Alex Nedeljkovic,29,PIT,38,35,14,15,5,5,942,1054,0.894,3.12,112,1,2150.85
2025,Petr Mrázek,32,2TM,38,38,12,21,2,2,950,1066,0.891,3.35,116,1,2080.12
2025,Spencer Knight,23,2TM,38,36,17,16,3,3,910,1010,0.901,2.72,100,2,2202.85
2025,Tristan Jarry,29,PIT,36,35,16,12,6,6,865,970,0.892,3.12,105,2,2019.9
2025,Calvin Pickard,32,EDM,36,31,22,10,1,1,764,849,0.9,2.71,85,0,1881.72
2025,Arvid Söderblom,25,CHI,36,33,10,18,7,7,976,1087,0.898,3.18,111,0,2096.5
2025,David Rittich,32,LAK,34,31,16,14,2,2,683,771,0.886,2.84,88,0,1860.47
2025,Anthony Stolarz,31,TOR,34,33,21,8,3,3,884,955,0.926,2.14,71,4,1986.9
2025,Justus Annunen,24,2TM,34,29,15,15,1,1,719,814,0.883,3.18,95,0,1789.82
2025,Jake Allen,34,NJD,31,29,13,16,1,1,742,819,0.906,2.66,77,4,1738.17
2025,Joel Hofer,24,STL,31,28,16,8,3,3,693,767,0.904,2.64,74,1,1678.82
2025,Anton Forsberg,32,OTT,30,27,11,12,3,3,692,768,0.901,2.72,76,3,1676.53
2025,Alex Lyon,32,DET,30,26,14,9,1,1,631,704,0.896,2.81,73,1,1559.63
2025,Daniel Vladař,27,CGY,30,29,12,11,6,6,727,810,0.898,2.8,83,2,1781.03
2025,John Gibson,31,ANA,29,28,11,11,2,2,739,811,0.911,2.77,72,0,1562.15
2025,Ilya Samsonov,27,VEG,29,29,16,9,4,4,670,752,0.891,2.82,82,2,1745.37
2025,Casey DeSmith,33,DAL,27,24,14,8,2,2,696,761,0.915,2.59,65,2,1504.5
2025,Joonas Korpisalo,30,BOS,27,24,11,10,3,3,619,693,0.893,2.9,74,3,1529.7
2025,Ivan Fedotov,28,PHI,26,24,6,13,4,4,549,624,0.88,3.15,75,0,1429.02
2025,Marc-André Fleury,40,MIN,26,22,14,9,1,1,602,670,0.899,2.93,68,1,1390.27
2025,Philipp Grubauer,33,SEA,26,26,8,17,1,1,596,681,0.875,3.49,85,0,1460.48
2025,Vítek Vaněček,29,2TM,25,24,5,14,4,4,640,724,0.884,3.62,84,1,1393.63
2025,Jonathan Quick,39,NYR,24,20,11,7,2,2,587,657,0.893,3.17,70,3,1325.68
2025,James Reimer,36,2TM,24,21,10,10,2,2,594,663,0.896,3.04,69,1,1362.83
2025,Scott Wedgewood,32,2TM,24,22,14,6,2,2,525,578,0.908,2.32,53,2,1373.08
2025,Thatcher Demko,29,VAN,23,23,10,8,3,3,506,569,0.889,2.9,63,1,1301.97
2025,Frederik Andersen,35,CAR,22,22,13,8,1,1,491,546,0.899,2.5,55,1,1319.52
2025,Connor Ingram,27,UTA,22,22,9,8,4,4,492,558,0.882,3.27,66,0,1210.12
2025,Eric Comrie,29,WPG,20,20,9,10,1,1,500,547,0.914,2.39,47,2,1179.55
2025,Daniil Tarasov,25,CBJ,20,19,7,10,2,2,479,544,0.881,3.54,65,1,1100.42
2025,Jonas Johansson,29,TBL,19,18,9,6,3,3,496,554,0.895,3.13,58,1,1110.25
2025,Aleksei Kolosov,23,PHI,17,13,5,9,1,1,352,406,0.867,3.59,54,0,901.92
2025,Jakub Dobes,23,MTL,16,15,7,4,3,3,400,440,0.909,2.74,40,1,874.78
2025,Joel Blomqvist,23,PIT,15,12,4,9,1,1,376,425,0.885,3.81,49,0,772.45
2025,Marcus Högberg,30,NYI,15,11,2,6,3,3,294,335,0.878,3.38,41,0,728.22
2025,Yaroslav Askarov,22,SJS,13,12,4,6,2,2,320,357,0.896,3.1,37,0,716.8
2025,Ville Husso,29,2TM,13,11,2,6,3,3,299,336,0.89,3.47,37,0,639.77
2025,Leevi Merilainen,22,OTT,12,11,8,3,1,1,273,295,0.925,1.99,22,3,662.98
2025,Jet Greaves,23,CBJ,11,11,7,2,2,2,318,339,0.938,1.91,21,2,660.1
2025,Cayden Primeau,25,MTL,11,7,2,3,1,1,209,250,0.836,4.7,41,0,523.7
2025,Arturs Silovs,23,VAN,10,9,2,6,1,1,205,238,0.861,3.65,33,0,542.52
2025,Semyon Varlamov,36,NYI,10,10,3,4,3,3,233,262,0.889,2.89,29,0,602.4
2025,Devon Levi,23,BUF,9,8,2,7,0,0,225,258,0.872,4.12,33,0,480.63
2025,Spencer Martin,29,CAR,9,7,3,4,1,1,148,175,0.846,3.89,27,1,415.98
2025,Georgi Romanov,25,SJS,8,6,0,6,0,0,192,219,0.877,3.89,27,0,416.93
2025,Nico Daws,24,NJD,6,4,3,1,0,0,107,114,0.939,1.6,7,1,262.85
2025,Dennis Hildeby,23,TOR,6,6,3,3,0,0,136,156,0.872,3.33,20,0,360.82
2025,Jaxson Stauber,25,UTA,6,4,2,1,1,1,141,158,0.892,3.26,17,1,313.18
2025,Dustin Tokarski,35,CAR,6,6,4,2,0,0,119,132,0.902,2.18,13,1,358.32
2025,Akira Schmid,24,VEG,5,3,2,0,1,1,85,90,0.944,1.26,5,0,238.1
2025,Drew Commesso,22,CHI,2,1,0,1,0,0,22,26,0.846,3.36,4,0,71.35
2025,Trent Miner,23,COL,2,1,0,1,0,0,29,33,0.879,2.62,4,0,91.63
2025,Matt Murray,30,TOR,2,2,1,1,0,0,51,58,0.879,3.54,7,0,118.65
2025,Olivier Rodrigue,24,EDM,2,1,0,1,0,0,25,29,0.862,3.1,4,0,77.42
2025,Jakub Skarek,25,NYI,2,1,0,1,0,0,34,39,0.872,3.94,5,0,76.15
2025,Mads Søgaard,24,OTT,2,1,1,1,0,0,32,40,0.8,5.24,8,0,91.55
2025,Nikita Tolopilo,24,VAN,2,1,1,1,0,0,23,26,0.885,2.15,3,0,83.65
2025,Jesper Wallstedt,22,MIN,2,2,0,2,0,0,43,51,0.843,4.09,8,0,117.43
2025,Pheonix Copley,33,LAK,1,0,0,0,0,0,10,12,0.833,4.37,2,0,27.48
2025,Sebastian Cossa,22,DET,1,0,1,0,0,0,12,14,0.857,2.67,2,0,45.0
2025,Louis Domingue,32,NYR,1,1,1,0,0,0,25,27,0.926,2.0,2,0,60.0
2025,Brandon Halverson,28,TBL,1,1,0,1,0,0,19,24,0.792,5.18,5,0,57.95
2025,Kaapo Kähkönen,28,COL,1,1,0,1,0,0,16,20,0.8,4.12,4,0,58.27
2025,Niklas Kokko,20,SEA,1,0,0,0,0,0,4,6,0.667,4.01,2,0,29.95
2025,Tristan Lennox,22,NYI,1,0,0,0,0,0,1,2,0.5,12.72,1,0,4.72
2025,Victor Ostman,24,SEA,1,0,0,0,0,0,12,12,1.0,0.0,0,0,20.0
2025,Yaniv Perets,24,CAR,1,0,0,0,0,0,6,7,0.857,7.32,1,0,8.2
2025,Erik Portillo,24,LAK,1,1,1,0,0,0,28,29,0.966,1.02,1,0,58.62
2025,Hunter Shepard,29,WSH,1,1,0,1,0,0,19,26,0.731,7.0,7,0,60.0
2025,Clay Stevenson,25,WSH,1,1,0,1,0,0,33,38,0.868,5.0,5,0,60.0
2025,Ales Stezka,28,SEA,1,1,0,1,0,0,20,23,0.87,3.09,3,0,58.33
2025,Matt Villalta,25,UTA,1,1,1,0,0,0,28,31,0.903,3.0,3,0,60.0
2026,Karel Vejmelka,29,UTA,64,63,38,20,3,3,1456,1625,0.896,2.75,169,2,3692.75
2026,Juuse Saros,30,NSH,59,59,28,22,8,8,1520,1701,0.894,3.16,181,0,3432.55
2026,Logan Thompson,28,WSH,58,58,31,21,6,6,1447,1587,0.912,2.44,140,4,3445.05
2026,Andrei Vasilevskiy,31,TBL,58,58,39,15,4,4,1350,1482,0.911,2.31,132,2,3430.75
2026,John Gibson,32,DET,57,57,29,22,4,4,1317,1461,0.901,2.72,144,4,3181.23
2026,Connor Hellebuyck,32,WPG,57,57,23,23,11,11,1385,1547,0.895,2.86,162,0,3401.45
2026,Dustin Wolf,24,CGY,57,55,23,29,3,3,1400,1558,0.899,3.01,158,2,3149.23
2026,Lukáš Dostál,25,ANA,56,55,30,20,4,4,1344,1513,0.888,3.1,169,0,3267.93
2026,Jet Greaves,24,CBJ,55,53,26,19,9,9,1395,1537,0.908,2.6,142,2,3276.1
2026,Spencer Knight,24,CHI,55,55,19,25,11,11,1428,1583,0.902,2.82,155,3,3293.25
2026,Ilya Sorokin,30,NYI,55,54,29,24,2,2,1386,1530,0.906,2.68,144,7,3226.17
2026,Jeremy Swayman,27,BOS,55,54,31,18,4,4,1425,1571,0.907,2.71,146,2,3235.28
2026,Jake Oettinger,27,DAL,54,54,35,12,6,6,1234,1372,0.899,2.59,138,4,3194.18
2026,Sergei Bobrovsky,37,FLA,52,51,27,23,1,1,1096,1250,0.877,3.07,154,4,3009.65
2026,Daniel Vladař,28,PHI,52,51,29,14,7,7,1162,1283,0.906,2.42,121,0,2995.22
2026,Igor Shesterkin,30,NYR,51,51,25,19,6,6,1299,1425,0.912,2.5,126,1,3024.22
2026,Filip Gustavsson,27,MIN,50,49,28,15,6,6,1243,1376,0.903,2.69,133,4,2967.92
2026,Darcy Kuemper,35,LAK,50,50,19,14,15,15,1100,1234,0.891,2.78,134,3,2887.9
2026,Stuart Skinner,27,2TM,50,50,23,17,9,9,1125,1267,0.888,2.92,142,2,2921.95
2026,Linus Ullmark,32,OTT,49,49,28,12,8,8,1067,1198,0.891,2.73,131,3,2883.47
2026,Yaroslav Askarov,23,SJS,47,47,21,20,4,4,1184,1341,0.883,3.63,157,0,2596.48
2026,Joey Daccord,29,SEA,47,46,20,20,6,6,1171,1307,0.896,3.03,136,2,2693.22
2026,Kevin Lankinen,30,VAN,47,43,11,27,5,5,1126,1286,0.876,3.7,160,0,2592.35
2026,Joel Hofer,25,STL,46,43,24,13,5,5,1136,1250,0.909,2.61,114,6,2624.65
2026,Scott Wedgewood,33,COL,45,43,31,6,6,6,1008,1094,0.921,2.02,86,4,2549.07
2026,Jacob Markström,36,NJD,44,43,23,19,1,1,983,1113,0.883,3.07,130,1,2544.02
2026,Jakub Dobes,24,MTL,43,42,29,10,4,4,1070,1187,0.901,2.78,117,0,2525.58
2026,Jordan Binnington,32,STL,41,39,13,20,7,7,882,1010,0.873,3.33,128,1,2307.8
2026,Alex Nedeljkovic,30,SJS,40,34,18,14,4,4,940,1049,0.896,2.87,109,0,2277.97
2026,Mackenzie Blackwood,29,COL,39,36,23,10,2,2,843,933,0.904,2.51,90,3,2155.68
2026,Brandon Bussi,27,CAR,39,39,31,6,2,2,814,911,0.894,2.47,97,2,2360.82
2026,Arturs Silovs,24,PIT,39,38,19,12,8,8,906,1021,0.887,3.07,115,2,2246.55
2026,Joseph Woll,27,TOR,39,38,15,16,7,7,1096,1220,0.898,3.34,124,2,2230.07
2026,Jake Allen,35,NJD,37,36,17,17,2,2,931,1031,0.903,2.74,100,1,2186.57
2026,Anton Forsberg,33,LAK,36,31,16,12,5,5,865,952,0.909,2.57,87,3,2032.1
2026,Alex Lyon,33,BUF,36,34,20,10,4,4,886,978,0.906,2.77,92,3,1992.02
2026,Frederik Andersen,36,CAR,35,35,16,14,5,5,742,849,0.874,3.05,107,0,2101.87
2026,Ukko-Pekka Luukkonen,26,BUF,35,34,22,9,3,3,844,929,0.909,2.52,85,1,2027.77
2026,Jesper Wallstedt,23,MIN,35,33,18,9,6,6,933,1020,0.915,2.61,87,4,1996.65
2026,Akira Schmid,25,VEG,34,29,16,10,6,6,706,791,0.893,2.59,85,2,1965.78
2026,Cam Talbot,38,DET,34,25,12,9,6,6,704,797,0.883,3.19,93,0,1750.18
2026,Samuel Ersson,26,PHI,33,29,14,11,5,5,647,744,0.87,3.12,97,0,1866.58
2026,Daniil Tarasov,26,FLA,33,31,13,15,3,3,828,925,0.895,3.05,97,0,1905.67
2026,Tristan Jarry,30,2TM,33,29,18,9,3,3,732,830,0.882,3.32,98,2,1773.62
2026,Philipp Grubauer,34,SEA,32,28,13,12,4,4,787,866,0.909,2.65,79,0,1791.1
2026,Connor Ingram,28,EDM,32,30,16,10,3,3,686,763,0.899,2.6,77,2,1778.23
2026,Devin Cooley,28,CGY,31,26,10,10,6,6,770,847,0.909,2.69,77,0,1718.0
2026,Joonas Korpisalo,31,BOS,31,28,14,9,6,6,761,851,0.894,3.15,90,1,1713.08
2026,Casey DeSmith,34,DAL,30,28,15,8,6,6,689,760,0.907,2.43,71,1,1755.0
2026,Elvis Merzļikins,31,CBJ,30,29,14,11,3,3,717,812,0.883,3.4,95,1,1678.62
2026,David Rittich,33,NYI,30,28,14,10,3,3,643,719,0.894,2.76,76,2,1651.35
2026,Justus Annunen,25,NSH,28,23,10,12,2,2,644,711,0.906,2.68,67,1,1500.53
2026,Adin Hill,29,VEG,27,27,10,9,6,6,510,586,0.87,3.04,76,1,1497.82
2026,Arvid Söderblom,26,CHI,26,24,8,13,3,3,681,774,0.88,3.8,93,1,1468.62
2026,Anthony Stolarz,32,TOR,26,25,10,10,3,3,632,708,0.893,3.28,76,0,1389.25
2026,Eric Comrie,30,WPG,25,24,12,11,1,1,582,654,0.89,3.13,72,0,1381.5
2026,Jonas Johansson,30,TBL,25,23,11,10,2,2,592,670,0.884,3.29,78,0,1423.52
2026,Sam Montembeault,29,MTL,25,23,10,8,4,4,555,636,0.873,3.43,81,0,1418.2
2026,Jonathan Quick,40,NYR,25,24,6,17,2,2,598,671,0.891,3.09,73,2,1418.0
2026,Vítek Vaněček,30,UTA,22,19,5,13,3,3,445,504,0.883,2.93,59,1,1206.25
2026,Charlie Lindgren,32,WSH,21,20,9,8,3,3,529,602,0.879,3.52,73,1,1246.03
2026,Nikita Tolopilo,25,VAN,21,18,6,11,2,2,513,582,0.881,3.61,69,0,1145.68
2026,Thatcher Demko,30,VAN,20,20,8,10,1,1,460,514,0.895,2.9,54,1,1115.87
2026,Dennis Hildeby,24,TOR,20,14,5,7,4,4,500,548,0.912,2.86,48,1,1008.73
2026,Ville Husso,30,ANA,20,19,10,8,2,2,472,534,0.884,3.25,62,0,1145.63
2026,Leevi Merilainen,23,OTT,20,19,8,10,1,1,393,457,0.86,3.51,64,0,1094.48
2026,Carter Hart,27,VEG,18,18,11,3,3,3,376,422,0.891,2.71,46,0,1019.78
2026,Jacob Fowler,21,MTL,17,17,9,6,2,2,407,448,0.908,2.43,41,1,1010.7
2026,Colten Ellis,25,BUF,16,14,8,4,2,2,411,455,0.903,2.9,44,1,911.33
2026,Calvin Pickard,33,EDM,16,13,5,6,2,2,357,410,0.871,3.68,53,0,864.13
2026,James Reimer,37,OTT,14,13,7,4,2,2,256,289,0.886,2.42,33,1,817.78
2026,Petr Mrázek,33,ANA,10,8,3,5,0,0,212,247,0.858,4.07,35,0,515.88
2026,Pyotr Kochetkov,26,CAR,9,8,6,2,0,0,170,189,0.899,2.33,19,1,490.15
2026,Carl Lindbom,22,VEG,8,8,2,4,2,2,165,189,0.873,3.0,24,0,480.67
2026,Spencer Martin,30,NYR,6,4,1,3,0,0,126,146,0.863,4.13,20,0,290.65
2026,Sergei Murashov,21,PIT,5,4,1,1,2,2,105,117,0.897,2.56,12,1,281.28
2026,Matt Murray,31,SEA,5,4,0,2,1,1,94,102,0.922,2.21,8,0,216.88
2026,Aleksei Kolosov,24,PHI,4,2,0,2,0,0,39,47,0.83,4.0,8,0,120.02
2026,Trent Miner,24,COL,4,3,1,0,3,3,96,104,0.923,2.03,8,1,236.57
2026,Clay Stevenson,26,WSH,4,4,3,1,0,0,93,101,0.921,2.0,8,0,239.73
2026,Artur Akhtyamov,24,TOR,3,2,0,2,0,0,70,81,0.864,5.24,11,0,126.0
2026,Drew Commesso,23,CHI,3,3,2,1,0,0,78,85,0.918,2.31,7,1,181.72
2026,Nico Daws,25,NJD,3,3,2,1,0,0,79,87,0.908,2.62,8,0,183.27
2026,Dylan Garand,23,NYR,3,3,2,0,1,1,91,96,0.948,1.62,5,0,185.0
2026,Niklas Kokko,21,SEA,3,3,1,2,0,0,73,82,0.89,3.04,9,0,177.68
2026,Thomas Milic,22,WPG,3,1,0,1,0,0,54,62,0.871,3.46,8,0,138.63
2026,Cayden Primeau,26,TOR,3,3,2,1,0,0,67,80,0.838,4.3,13,0,181.47
2026,Brandon Halverson,29,TBL,2,1,0,1,0,0,17,21,0.81,4.22,4,0,56.88
2026,Mads Søgaard,25,OTT,2,1,1,0,0,0,30,36,0.833,4.65,6,0,77.42
2026,Laurent Brossoit,32,SJS,1,1,0,1,0,0,17,23,0.739,6.09,6,0,59.15
2026,Vyacheslav Buteyets,23,ANA,1,0,0,0,0,0,10,13,0.769,9.0,3,0,20.0
2026,Pheonix Copley,34,LAK,1,1,0,1,0,0,25,28,0.893,3.07,3,0,58.57
2026,Michael DiPietro,26,BOS,1,0,0,0,0,0,2,2,1.0,0.0,0,0,6.05
2026,Marcus Högberg,31,NYI,1,0,0,0,0,0,5,7,0.714,8.9,2,0,13.48
2026,Victor Ostman,25,SEA,1,1,0,1,0,0,33,35,0.943,2.1,2,0,57.17
2026,Jiří Patera,26,VAN,1,1,0,1,0,0,33,40,0.825,7.39,7,0,56.82
2026,Arsenii Sergeev,23,CGY,1,1,1,0,0,0,27,28,0.964,1.0,1,0,60.0
2026,Hunter Shepard,30,OTT,1,0,0,1,0,0,10,12,0.833,3.35,2,0,35.78
